IDENTIFYER,Location,Authors,year,Journal,Species,Family,N_fix,Growth_Habit,Koppen,Lat,Long,MAP,MAT,Evap,DryIndex,Elevation,Land_system,Nmass,deltaC,log10Nmass,log10deltaC,SLA,LMA,Log10SLA,log10Narea
170,B,Foster ,2005,Oecologia,Galactia elliottii,Fabaceae,F,Forb,C,28.62,-80.65,1299,21.7,0,1.24,0,Natural,21.7,-27,1.336459734,1.431363764,8.5,117.6,0.929418926,0.407040808
172,B,Foster ,2005,Oecologia,Myrica cerifera,Myricaceae,F,Ev. Ang.,C,28.62,-80.65,1299,21.7,0,1.24,0,Natural,9.6,-29.5,0.982271233,1.469822016,7.4,135.1,0.86923172,0.113039513
171,B,Foster ,2005,Oecologia,Lyonia lucida,Ericaceae,N,Ev. Ang.,C,28.62,-80.65,1299,21.7,0,1.24,0,Natural,2.8,-28,0.447158031,1.447158031,5.6,178.6,0.748188027,-0.301029996
173,B,Foster ,2005,Oecologia,Quercus chapmanii,Fagaceae,N,Dec. Ang.,C,28.62,-80.65,1299,21.7,0,1.24,0,Natural,12.3,-27.7,1.089905111,1.442479769,6.5,153.8,0.812913357,0.276991755
174,B,Foster ,2005,Oecologia,Quercus geminata,Fagaceae,N,Dec. Ang.,C,28.62,-80.65,1299,21.7,0,1.24,0,Natural,6.6,-27.9,0.819543936,1.445604203,3.3,303,0.51851394,0.301029996
175,B,Foster ,2005,Oecologia,Quercus myrtifolia,Fagaceae,N,Dec. Ang.,C,28.62,-80.65,1299,21.7,0,1.24,0,Natural,11.5,-27.5,1.06069784,1.439332694,5.3,188.7,0.72427587,0.336421971
176,B,Foster ,2005,Oecologia,Serenoa repens,Arecaceae,N,Ev. Ang.,C,28.62,-80.65,1299,21.7,0,1.24,0,Natural,7.8,-26.9,0.892094603,1.42975228,4.7,212.8,0.672097858,0.219996745
177,B,Foster ,2005,Oecologia,Smilax auriculata,Smilacaceae,N,Ev. Ang.,C,28.62,-80.65,1299,21.7,0,1.24,0,Natural,14.9,-27.2,1.173186268,1.434568904,8.4,119,0.924279286,0.248906982
178,B,Foster ,2005,Oecologia,Vaccinium myrsinites,Ericaceae,N,Ev. Ang.,C,28.62,-80.65,1299,21.7,0,1.24,0,Natural,3.8,-30.4,0.579783597,1.482873584,6.8,147.1,0.832508913,-0.252725316
179,B,Foster ,2005,Oecologia,Ximenia americana,Olacaceae,N,Ev. Ang.,C,28.62,-80.65,1299,21.7,0,1.24,0,Natural,15.8,-31.6,1.198657087,1.499687083,7.6,131.6,0.880813592,0.317843495
534,E,Midgely,2004,Global Change Biology,Acacia erioloba,Mimosaceae,F,Ev. Ang.,B,-24.15,21.88,326,20.3,366,4.41,1115,Natural,29.8,-25.5,1.47348697,1.40654018,3.94,253.8,0.595496222,0.877990748
535,E,Midgely,2004,Global Change Biology,Acacia luderitzii,Mimosaceae,F,Ev. Ang.,B,-24.15,21.88,326,20.3,366,4.41,1115,Natural,24.1,-25.7,1.381115081,1.41055227,5.86,170.6,0.767897616,0.613217465
536,F,Midgely,2004,Global Change Biology,Acacia mellifera,Mimosaceae,F,Ev. Ang.,B,-22.4,21.7,377,20.8,457,3.91,1089,Natural,41,-27,1.612783857,1.431363764,8.44,118.5,0.926342447,0.68644141
537,E,Midgely,2004,Global Change Biology,Acacia mellifera,Mimosaceae,F,Ev. Ang.,B,-24.15,21.88,326,20.3,366,4.41,1115,Natural,37.8,-25.8,1.576916956,1.411142477,8.44,118.5,0.926342447,0.650574509
538,G,Midgely,2004,Global Change Biology,Bauhinia petersiana,Fabaceae,F,Ev. Ang.,B,-19.92,23.58,454,22.3,502,3.27,929,Natural,31,-27.8,1.490660653,1.443439017,10.65,93.9,1.027349608,0.463311046
539,F,Midgely,2004,Global Change Biology,Bauhinia petersiana,Fabaceae,F,Ev. Ang.,B,-22.4,21.7,377,20.8,457,3.91,1089,Natural,32.9,-27.2,1.516535374,1.434459119,10.65,93.9,1.027349608,0.489185766
540,G,Midgely,2004,Global Change Biology,Colophospermum mopane,Fabaceae,F,Ev. Ang.,B,-19.92,23.58,454,22.3,502,3.27,929,Natural,29,-24,1.462397998,1.381047358,10.23,97.8,1.009875634,0.452522364
544,G,Midgely,2004,Global Change Biology,Lonchocarpus,Fabaceae,F,Ev. Ang.,B,-19.92,23.58,454,22.3,502,3.27,929,Natural,53.2,-25,1.725911632,1.39856928,7.86,127.2,0.895422546,0.830489086
541,G,Midgely,2004,Global Change Biology,Grewia flava,Tiliaceae,N,Dec. Ang.,B,-19.92,23.58,454,22.3,502,3.27,929,Natural,21.8,-28.7,1.338456494,1.458127726,7.05,141.8,0.848189117,0.490267377
542,F,Midgely,2004,Global Change Biology,Grewia flava,Tiliaceae,N,Dec. Ang.,B,-22.4,21.7,377,20.8,457,3.91,1089,Natural,29.8,-27.4,1.474216264,1.438186224,7.08,141.2,0.850033258,0.624183006
543,E,Midgely,2004,Global Change Biology,Grewia flava,Tiliaceae,N,Dec. Ang.,B,-24.15,21.88,326,20.3,366,4.41,1115,Natural,26.2,-27.9,1.418301291,1.445604203,7.09,141,0.850646235,0.567655056
545,G,Midgely,2004,Global Change Biology,Terminalia sericea,Combretaceae,N,Ev. Ang.,B,-19.92,23.58,454,22.3,502,3.27,929,Natural,14.2,-27.7,1.152288344,1.442577749,6.39,156.5,0.805500858,0.346787486
546,F,Midgely,2004,Global Change Biology,Terminalia sericea,Combretaceae,N,Ev. Ang.,B,-22.4,21.7,377,20.8,457,3.91,1089,Natural,22.7,-26.1,1.356025857,1.417118634,6.34,157.7,0.802089258,0.553936599
888,S,Prentice,2011,New Phytol,Astragalus galactites,Fabaceae,F,Forb,B,43.63,119.02,383,4.3,402,1.67,781,Natural,40.1,-26.6,1.602737796,1.424195367,16.69622244,59.9,1.222618222,0.380119574
889,H,Prentice,2011,New Phytol,Astragalus scaberrimus,Fabaceae,F,Forb,B,42.88,118.48,413,3.7,421,1.58,1024,Natural,25.9,-25.7,1.412854677,1.410760367,12.14942143,82.3,1.084555597,0.32829908
890,S,Prentice,2011,New Phytol,Astragalus scaberrimus,Fabaceae,F,Forb,B,43.63,119.02,383,4.3,402,1.67,781,Natural,31.4,-25.5,1.497185811,1.407305907,13.87076492,72.1,1.142100411,0.355085399
902,AE,Prentice,2011,New Phytol,Caragana microphylla,Fabaceae,F,Ev. Ang.,B,44.22,120.37,385,5.9,409,1.58,372,Natural,34.3,-25.9,1.535356284,1.413048169,14.15941463,70.6,1.1510453,0.384310984
903,Q,Prentice,2011,New Phytol,Caragana microphylla,Fabaceae,F,Ev. Ang.,B,43.55,116.68,342,1.2,373,1.51,1261,Natural,28.6,-25.2,1.456527448,1.400624322,15.06764072,66.4,1.178045256,0.278482192
904,U,Prentice,2011,New Phytol,Caragana microphylla,Fabaceae,F,Ev. Ang.,B,43.68,116.63,332,1.4,373,1.55,1211,Natural,43.9,-26.2,1.642315228,1.417836912,17.62243465,56.7,1.246065909,0.396249319
905,AC,Prentice,2011,New Phytol,Caragana microphylla,Fabaceae,F,Ev. Ang.,B,43.92,116.32,308,1.2,340,1.69,1199,Natural,33.2,-27.2,1.520683744,1.434249452,14.44830919,69.2,1.159817027,0.360866718
906,AD,Prentice,2011,New Phytol,Caragana microphylla,Fabaceae,F,Ev. Ang.,B,43.93,114.62,237,1.6,242,2.24,1123,Natural,29.2,-24.6,1.465553202,1.391658329,10.70360243,93.4,1.02952997,0.436023232
907,Z,Prentice,2011,New Phytol,Caragana microphylla,Fabaceae,F,Ev. Ang.,B,43.83,113.83,222,2,217,2.42,1166,Natural,38.2,-25.5,1.582528027,1.406284638,13.36828507,74.8,1.126075698,0.456452329
908,V,Prentice,2011,New Phytol,Caragana microphylla,Fabaceae,F,Ev. Ang.,B,43.72,112.58,161,3.7,182,3.61,974,Natural,31.7,-25.1,1.501509702,1.399154334,10.92882031,91.5,1.038573286,0.462936417
909,S,Prentice,2011,New Phytol,Caragana microphylla,Fabaceae,F,Ev. Ang.,B,43.63,112.17,147,3.7,172,4.06,999,Natural,36.8,-24.8,1.565630112,1.393908473,10.6828035,93.6,1.02868524,0.536944872
910,AB,Prentice,2011,New Phytol,Caragana stenophylla,Fabaceae,F,Ev. Ang.,B,43.9,115.32,268,1,264,1.62,1196,Natural,29.3,-25,1.466645881,1.398061594,14.79821609,67.6,1.170209365,0.296436516
911,AD,Prentice,2011,New Phytol,Caragana stenophylla,Fabaceae,F,Ev. Ang.,B,43.93,114.62,237,1.6,242,2.24,1123,Natural,30.3,-23.9,1.481376408,1.377834224,13.67928401,73.1,1.136063366,0.345313042
912,Z,Prentice,2011,New Phytol,Caragana stenophylla,Fabaceae,F,Ev. Ang.,B,43.83,113.83,222,2,217,2.42,1166,Natural,36.3,-25,1.560171778,1.398061594,15.02152148,66.6,1.176713923,0.383457855
913,X,Prentice,2011,New Phytol,Caragana stenophylla,Fabaceae,F,Ev. Ang.,B,43.8,113.37,193,3,198,2.88,1017,Natural,38.4,-23.9,1.5842258,1.378597739,13.97054115,71.6,1.145213229,0.439012571
914,V,Prentice,2011,New Phytol,Caragana stenophylla,Fabaceae,F,Ev. Ang.,B,43.72,112.58,161,3.7,182,3.61,974,Natural,34.2,-24.8,1.533521573,1.394871763,13.83866085,72.3,1.141094066,0.392427507
915,S,Prentice,2011,New Phytol,Caragana stenophylla,Fabaceae,F,Ev. Ang.,B,43.63,112.17,147,3.7,172,4.06,999,Natural,40.7,-24.3,1.609335617,1.385659887,13.00613712,76.9,1.114148328,0.495187289
916,T,Prentice,2011,New Phytol,Caragana stenophylla,Fabaceae,F,Ev. Ang.,B,43.65,111.88,134,3.7,166,4.51,1017,Natural,39,-24,1.590902308,1.380518758,14.07853511,71,1.148557468,0.44234484
917,V,Prentice,2011,New Phytol,Caragana tibetica,Fabaceae,F,Ev. Ang.,B,43.72,112.58,161,3.7,182,3.61,974,Natural,26.7,-25.9,1.426699819,1.413919742,11.21053571,89.2,1.049626367,0.377073452
985,Q,Prentice,2011,New Phytol,Glycyrrhiza uralensis,Fabaceae,F,Forb,B,43.55,116.68,342,1.2,373,1.51,1261,Natural,34.5,-24.9,1.538350193,1.39543124,13.20270657,75.7,1.120662971,0.417687222
987,AG,Prentice,2011,New Phytol,Hedysarum fruticosum,Fabaceae,F,Ev. Ang.,B,44.63,120.9,403,6,406,1.58,448,Natural,32.3,-26.6,1.508634369,1.425387475,14.81054054,67.5,1.170570909,0.33806346
988,AA,Prentice,2011,New Phytol,Hedysarum fruticosum,Fabaceae,F,Ev. Ang.,B,43.88,119.38,381,4.7,402,1.67,601,Natural,34.7,-26.8,1.54080378,1.427567248,14.28768017,70,1.15496172,0.38584206
1005,Y,Prentice,2011,New Phytol,Kummerowia striata,Fabaceae,F,Forb,D,43.82,125.68,647,4.7,610,0.96,252,Natural,34.2,-29.1,1.534086238,1.463355385,35.017609,28.6,1.544286489,-0.010200251
1006,AF,Prentice,2011,New Phytol,Kummerowia striata,Fabaceae,F,Forb,D,44.58,123.52,435,5.4,490,1.39,150,Natural,42.6,-28.4,1.629152813,1.453042996,34.52418498,29,1.538123435,0.091029378
1010,I,Prentice,2011,New Phytol,Lespedeza bicolor,Fabaceae,F,Forb,D,43.02,129.77,545,5.3,498,1.17,136,Natural,20.7,-28,1.316556603,1.446739045,29.04215145,34.4,1.463028786,-0.146472183
1011,N,Prentice,2011,New Phytol,Lespedeza bicolor,Fabaceae,F,Forb,D,43.3,131.15,666,4,566,0.86,289,Natural,36.9,-32.3,1.567264152,1.508623974,43.92125152,22.8,1.642674707,-0.075410555
1012,J,Prentice,2011,New Phytol,Lespedeza bicolor,Fabaceae,F,Forb,D,43.12,131,666,4.5,566,0.86,244,Natural,36.7,-31.6,1.564475636,1.500222748,42.6006089,23.5,1.629415807,-0.064940171
1013,PP,Prentice,2011,New Phytol,Lespedeza bicolor,Fabaceae,F,Forb,D,43.38,129.67,552,4.1,498,1.16,224,Natural,29.1,-30.5,1.463214844,1.484854812,43.21064354,23.1,1.635590734,-0.172375891
1014,M,Prentice,2011,New Phytol,Lespedeza bicolor,Fabaceae,F,Forb,D,43.25,128.63,614,3,593,1.02,601,Natural,30.6,-33,1.486046981,1.519053183,59.50523265,16.8,1.774555158,-0.288508177
1015,H,Prentice,2011,New Phytol,Lespedeza davurica,Fabaceae,F,Forb,B,42.88,118.48,413,3.7,421,1.58,1024,Natural,25.5,-27,1.406944097,1.430719888,14.91169689,67.1,1.173527067,0.23341703
1016,S,Prentice,2011,New Phytol,Lespedeza davurica,Fabaceae,F,Forb,B,43.63,119.02,383,4.3,402,1.67,781,Natural,29.3,-25.7,1.466991799,1.410135859,15.56784825,64.2,1.192228589,0.27476321
1017,Y,Prentice,2011,New Phytol,Lespedeza davurica,Fabaceae,F,Forb,D,43.82,125.68,647,4.7,610,0.96,252,Natural,29,-29.6,1.46312975,1.471511737,35.22019255,28.4,1.546791726,-0.083661976
1018,AG,Prentice,2011,New Phytol,Lespedeza davurica,Fabaceae,F,Forb,B,44.63,120.9,403,6,406,1.58,448,Natural,29.3,-27.1,1.466128056,1.433353736,15.67710425,63.8,1.195265846,0.270862209
1019,AA,Prentice,2011,New Phytol,Lespedeza davurica,Fabaceae,F,Forb,B,43.88,119.38,381,4.7,402,1.67,601,Natural,25.2,-27.3,1.401207677,1.436433003,14.10639835,70.9,1.149416144,0.251791533
1020,W,Prentice,2011,New Phytol,Lespedeza davurica,Fabaceae,F,Forb,B,43.77,119.12,383,4,402,1.67,729,Natural,28.2,-26.3,1.44958907,1.42023638,15.28336815,65.4,1.184219075,0.265369995
1021,O,Prentice,2011,New Phytol,Lespedeza davurica,Fabaceae,F,Forb,B,43.33,118.48,370,5.2,393,1.72,707,Natural,31.1,-26.5,1.492720358,1.423196706,14.49990134,69,1.161365047,0.331355311
1022,K,Prentice,2011,New Phytol,Lespedeza davurica,Fabaceae,F,Forb,B,43.18,117.77,377,4.1,406,1.64,889,Natural,31.2,-27.5,1.494274085,1.438637266,16.15577612,61.9,1.208327826,0.285946259
1023,L,Prentice,2011,New Phytol,Lespedeza davurica,Fabaceae,F,Forb,B,43.22,117.23,387,1.5,404,1.53,1259,Natural,24.9,-27.2,1.396798146,1.434201514,12.39630889,80.7,1.093292389,0.303505757
1024,AG,Prentice,2011,New Phytol,Lespedeza hedysaroides,Fabaceae,F,Forb,B,44.63,120.9,403,6,406,1.58,448,Natural,24.6,-26.4,1.391684705,1.421784845,32.25698939,31,1.508623831,-0.116939126
1025,K,Prentice,2011,New Phytol,Lespedeza hedysaroides,Fabaceae,F,Forb,B,43.18,117.77,377,4.1,406,1.64,889,Natural,33.4,-27,1.524035144,1.431540663,21.1882296,47.2,1.32609467,0.197940474
1038,N,Prentice,2011,New Phytol,Maackia amurensis,Fabaceae,F,Ev. Ang.,D,43.3,131.15,666,4,566,0.86,289,Natural,46.8,-29.1,1.670057215,1.464057124,29.8076419,33.5,1.47432762,0.195729595
1039,J,Prentice,2011,New Phytol,Maackia amurensis,Fabaceae,F,Ev. Ang.,D,43.12,131,666,4.5,566,0.86,244,Natural,41.6,-29.7,1.61872192,1.47307803,28.42072115,35.2,1.453635094,0.165086827
1040,S,Prentice,2011,New Phytol,Medicago rhutenica,Fabaceae,F,Ev. Ang.,B,43.63,119.02,383,4.3,402,1.67,781,Natural,30,-25.5,1.477007848,1.406999778,14.17861674,70.5,1.151633863,0.325373984
1041,AA,Prentice,2011,New Phytol,Medicago rhutenica,Fabaceae,F,Ev. Ang.,B,43.88,119.38,381,4.7,402,1.67,601,Natural,26.1,-26.6,1.417457479,1.425354858,18.50364754,54,1.267257347,0.150200132
1042,L,Prentice,2011,New Phytol,Medicago rhutenica,Fabaceae,F,Ev. Ang.,B,43.22,117.23,387,1.5,404,1.53,1259,Natural,30.6,-27.7,1.485075521,1.441773663,16.62398218,60.2,1.220735065,0.264340456
1043,P,Prentice,2011,New Phytol,Medicago rhutenica,Fabaceae,F,Ev. Ang.,B,43.38,116.88,361,1.2,393,1.43,1267,Natural,31,-26.3,1.491768398,1.419988773,13.73575615,72.8,1.137852572,0.353915826
1044,AC,Prentice,2011,New Phytol,Medicago rhutenica,Fabaceae,F,Ev. Ang.,B,43.92,116.32,308,1.2,340,1.69,1199,Natural,29.6,-26.6,1.470876995,1.424979587,16.57749072,60.3,1.219518793,0.251358202
1045,AB,Prentice,2011,New Phytol,Medicago rhutenica,Fabaceae,F,Ev. Ang.,B,43.9,115.32,268,1,264,1.62,1196,Natural,28.8,-25.1,1.459057714,1.399708325,12.94420635,77.3,1.112075428,0.346982287
1126,H,Prentice,2011,New Phytol,Securinega suffruticosa,Fabaceae,F,Forb,D,42.98,130.08,574,5.1,565,0.99,114,Natural,33.4,-31.2,1.523650772,1.494252021,62.47335665,16,1.795694841,-0.272044069
1131,W,Prentice,2011,New Phytol,Sophora flavescens,Fabaceae,F,Ev. Ang.,B,43.77,119.12,383,4,402,1.67,729,Natural,26.5,-27.6,1.423886331,1.441034946,15.28383296,65.4,1.184232283,0.239654048
1157,R,Prentice,2011,New Phytol,Thermopsis lanceolata,Fabaceae,F,Forb,B,43.6,121.83,397,6.4,431,1.66,203,Natural,31.6,-26,1.50024065,1.414405053,13.86609816,72.1,1.14195427,0.35828638
1158,Q,Prentice,2011,New Phytol,Thermopsis lanceolata,Fabaceae,F,Forb,B,43.55,116.68,342,1.2,373,1.51,1261,Natural,34,-24.9,1.532029629,1.396094685,18.4039478,54.3,1.264910993,0.267118636
1178,H,Prentice,2011,New Phytol,Vicia amoena,Fabaceae,F,Forb,D,42.98,130.08,574,5.1,565,0.99,114,Natural,55.3,-30.2,1.742597365,1.479632886,39.3381844,25.4,1.594814312,0.147783053
1179,N,Prentice,2011,New Phytol,Vicia unijuga,Fabaceae,F,Forb,D,43.3,131.15,666,4,566,0.86,289,Natural,35.9,-30.8,1.555473886,1.488198062,41.3872019,24.2,1.616866066,-0.061392179
1180,PP,Prentice,2011,New Phytol,Vicia unijuga,Fabaceae,F,Forb,D,43.38,129.67,552,4.1,498,1.16,224,Natural,33.3,-31.1,1.522047727,1.492117549,43.72421971,22.9,1.640722068,-0.118674341
809,J,Prentice,2011,New Phytol,Acanthopanax senticosus,Araliaceae,N,Ev. Ang.,D,43.12,131,666,4.5,566,0.86,244,Natural,20.7,-30.9,1.315212115,1.489255168,30.55443608,32.7,1.485074273,-0.169862158
810,N,Prentice,2011,New Phytol,Acanthopanax sessiliflorus,Araliaceae,N,Ev. Ang.,D,43.3,131.15,666,4,566,0.86,289,Natural,24.6,-30.9,1.39066491,1.489564766,34.41257085,29.1,1.536717119,-0.146052208
811,N,Prentice,2011,New Phytol,Acer ginnala,Aceraceae,N,Dec. Ang.,D,43.3,131.15,666,4,566,0.86,289,Natural,19.8,-31,1.296252349,1.491081413,21.27232223,47,1.327814903,-0.031562554
812,J,Prentice,2011,New Phytol,Acer ginnala,Aceraceae,N,Dec. Ang.,D,43.12,131,666,4.5,566,0.86,244,Natural,18.8,-30.7,1.273986105,1.486784571,21.47966894,46.6,1.332027583,-0.058041479
814,I,Prentice,2011,New Phytol,Acer mono,Aceraceae,N,Dec. Ang.,D,43.02,129.77,545,5.3,498,1.17,136,Natural,20.5,-28.8,1.312068243,1.459528184,37.44419643,26.7,1.573384515,-0.261316272
815,J,Prentice,2011,New Phytol,Acer mono,Aceraceae,N,Dec. Ang.,D,43.12,131,666,4.5,566,0.86,244,Natural,13.8,-30.3,1.140323827,1.482101453,34.17470006,29.3,1.533704712,-0.393380885
816,M,Prentice,2011,New Phytol,Acer mono,Aceraceae,N,Dec. Ang.,D,43.25,128.63,614,3,593,1.02,601,Natural,25.9,-29.5,1.413055399,1.469851459,36.30498464,27.5,1.559966257,-0.146910858
819,Q,Prentice,2011,New Phytol,Achnatherum sibiricum,Poaceae,N,Graminoid,B,43.55,116.68,342,1.2,373,1.51,1261,Natural,16.6,-23.6,1.219069145,1.373426962,11.88854333,84.1,1.075128645,0.143940501
820,AC,Prentice,2011,New Phytol,Adenophora gmelinii,Campanulaceae,N,Forb,B,43.92,116.32,308,1.2,340,1.69,1199,Natural,26.5,-27.5,1.422510608,1.438874469,23.63520736,42.3,1.373559417,0.048951191
821,AC,Prentice,2011,New Phytol,Adenophora stenanthina var crispata,Campanulaceae,N,Forb,B,43.92,116.32,308,1.2,340,1.69,1199,Natural,27.8,-27.5,1.444638383,1.439537948,14.43087242,69.3,1.159292587,0.285345796
822,N,Prentice,2011,New Phytol,Agrimonia pilosa,Rosaceae,N,Forb,D,43.3,131.15,666,4,566,0.86,289,Natural,23.9,-31.1,1.378113983,1.492243397,39.36070896,25.4,1.595062912,-0.216948929
823,PP,Prentice,2011,New Phytol,Agrimonia pilosa,Rosaceae,N,Forb,D,43.38,129.67,552,4.1,498,1.16,224,Natural,22.8,-33.1,1.357144378,1.520103441,33.36985479,30,1.523354317,-0.166209939
824,S,Prentice,2011,New Phytol,Agropyron cristatum,Poaceae,N,Graminoid,B,43.63,119.02,383,4.3,402,1.67,781,Natural,21.2,-25.8,1.326372912,1.41239334,9.646789773,103.7,0.984382814,0.341990098
825,AA,Prentice,2011,New Phytol,Agropyron michnoi,Poaceae,N,Graminoid,B,43.88,119.38,381,4.7,402,1.67,601,Natural,16.9,-26.1,1.229137352,1.416290934,12.16924424,82.2,1.085263608,0.143873744
826,L,Prentice,2011,New Phytol,Agropyron michnoi,Poaceae,N,Graminoid,B,43.22,117.23,387,1.5,404,1.53,1259,Natural,17.3,-26.8,1.236978625,1.427453649,11.96835792,83.6,1.078034568,0.158944056
827,Q,Prentice,2011,New Phytol,Agropyron michnoi,Poaceae,N,Graminoid,B,43.55,116.68,342,1.2,373,1.51,1261,Natural,15.2,-24.6,1.182338231,1.39119984,12.14345798,82.3,1.084342374,0.097995857
828,X,Prentice,2011,New Phytol,Allium bidentatum,Amaryllidaceae,N,Forb,B,43.8,113.37,193,3,198,2.88,1017,Natural,32.2,-23.8,1.507610563,1.375864714,15.44607778,64.7,1.188818217,0.318792346
829,Q,Prentice,2011,New Phytol,Allium condensatum,Amaryllidaceae,N,Forb,B,43.55,116.68,342,1.2,373,1.51,1261,Natural,23.5,-26.2,1.37169647,1.417521514,8.080409508,123.8,0.907433371,0.464263099
830,AB,Prentice,2011,New Phytol,Allium condensatum,Amaryllidaceae,N,Forb,B,43.9,115.32,268,1,264,1.62,1196,Natural,17.6,-26.5,1.24440042,1.423769989,6.258902004,159.8,0.796498152,0.447902268
831,X,Prentice,2011,New Phytol,Allium leucocephalum,Amaryllidaceae,N,Forb,B,43.8,113.37,193,3,198,2.88,1017,Natural,31.5,-24.2,1.497705797,1.383312586,21.63540124,46.2,1.335164954,0.162540843
832,W,Prentice,2011,New Phytol,Allium mongolicum,Amaryllidaceae,N,Forb,B,43.77,119.12,383,4,402,1.67,729,Natural,20.1,-26.4,1.303525293,1.420978356,14.6617856,68.2,1.166186864,0.137338428
833,L,Prentice,2011,New Phytol,Allium mongolicum,Amaryllidaceae,N,Forb,B,43.22,117.23,387,1.5,404,1.53,1259,Natural,21.1,-28.1,1.324312201,1.4484435,12.88997946,77.6,1.110252225,0.214059976
834,AC,Prentice,2011,New Phytol,Allium mongolicum,Amaryllidaceae,N,Forb,B,43.92,116.32,308,1.2,340,1.69,1199,Natural,22.6,-24.7,1.354649918,1.393153865,20.87675676,47.9,1.319663031,0.034986887
835,AB,Prentice,2011,New Phytol,Allium mongolicum,Amaryllidaceae,N,Forb,B,43.9,115.32,268,1,264,1.62,1196,Natural,22.7,-25.9,1.355133578,1.413282996,17.15726371,58.3,1.234448027,0.120685551
836,AD,Prentice,2011,New Phytol,Allium mongolicum,Amaryllidaceae,N,Forb,B,43.93,114.62,237,1.6,242,2.24,1123,Natural,38.8,-23.3,1.589178411,1.367132192,18.77642382,53.3,1.273612879,0.315565531
837,Z,Prentice,2011,New Phytol,Allium mongolicum,Amaryllidaceae,N,Forb,B,43.83,113.83,222,2,217,2.42,1166,Natural,39.3,-22.6,1.593895865,1.354300562,15.48050524,64.6,1.189785131,0.404110734
838,AA,Prentice,2011,New Phytol,Allium ramosum,Amaryllidaceae,N,Forb,B,43.88,119.38,381,4.7,402,1.67,601,Natural,33,-26.6,1.518360275,1.425256992,11.76667708,85,1.070653835,0.44770644
839,P,Prentice,2011,New Phytol,Allium ramosum,Amaryllidaceae,N,Forb,B,43.38,116.88,361,1.2,393,1.43,1267,Natural,17.6,-25.7,1.246012504,1.409628842,12.41514919,80.5,1.093951943,0.152060561
840,U,Prentice,2011,New Phytol,Allium ramosum,Amaryllidaceae,N,Forb,B,43.68,116.63,332,1.4,373,1.55,1211,Natural,17,-25.8,1.230458016,1.410777233,14.98683561,66.7,1.175709944,0.054748072
841,AC,Prentice,2011,New Phytol,Allium ramosum,Amaryllidaceae,N,Forb,B,43.92,116.32,308,1.2,340,1.69,1199,Natural,16.9,-25.4,1.227977444,1.404645596,12.53892691,79.8,1.098260371,0.129717073
842,AB,Prentice,2011,New Phytol,Allium ramosum,Amaryllidaceae,N,Forb,B,43.9,115.32,268,1,264,1.62,1196,Natural,22.9,-24.9,1.359082055,1.39543124,14.77301718,67.7,1.169469203,0.189612852
843,AD,Prentice,2011,New Phytol,Allium ramosum,Amaryllidaceae,N,Forb,B,43.93,114.62,237,1.6,242,2.24,1123,Natural,37.3,-24.3,1.571942258,1.386391939,19.47323117,51.4,1.289438019,0.282504239
844,Z,Prentice,2011,New Phytol,Allium ramosum,Amaryllidaceae,N,Forb,B,43.83,113.83,222,2,217,2.42,1166,Natural,33.9,-23.8,1.530722864,1.377142267,8.348990831,119.8,0.921633984,0.60908888
845,V,Prentice,2011,New Phytol,Allium ramosum,Amaryllidaceae,N,Forb,B,43.72,112.58,161,3.7,182,3.61,974,Natural,31.4,-25.4,1.49752762,1.404833717,14.28659972,70,1.154928877,0.342598743
846,S,Prentice,2011,New Phytol,Allium ramosum,Amaryllidaceae,N,Forb,B,43.63,112.17,147,3.7,172,4.06,999,Natural,29,-24.7,1.462615841,1.393417249,20.13714286,49.7,1.303997851,0.15861799
848,T,Prentice,2011,New Phytol,Allium ramosum,Amaryllidaceae,N,Forb,B,43.65,111.88,134,3.7,166,4.51,1017,Natural,32.1,-24.4,1.506287396,1.387692303,17.1436336,58.3,1.234102876,0.272184519
849,AF,Prentice,2011,New Phytol,Allium senescens,Amaryllidaceae,N,Forb,D,44.58,123.52,435,5.4,490,1.39,146,Natural,15.4,-28.7,1.187105173,1.457427693,27.75304699,36,1.443310671,-0.256205498
854,H,Prentice,2011,New Phytol,Artemisia,Asteraceae,N,Ev. Ang.,D,42.98,130.08,574,5.1,565,0.99,114,Natural,31.2,-32.1,1.494452082,1.506288508,51.612,19.4,1.712750689,-0.218298607
855,H,Prentice,2011,New Phytol,Artemisia frigida,Asteraceae,N,Ev. Ang.,B,42.88,118.48,413,3.7,421,1.58,1024,Natural,20.3,-27.6,1.307847601,1.440972019,24.32377913,41.1,1.386031051,-0.078183451
856,S,Prentice,2011,New Phytol,Artemisia frigida,Asteraceae,N,Ev. Ang.,B,43.63,119.02,383,4.3,402,1.67,781,Natural,23.8,-27.6,1.376842833,1.440720217,13.90371994,71.9,1.143131011,0.233711822
857,AG,Prentice,2011,New Phytol,Artemisia frigida,Asteraceae,N,Ev. Ang.,B,44.63,120.9,403,6,406,1.58,448,Natural,22,-29,1.34183424,1.462727338,24.735963,40.4,1.393328823,-0.051494583
858,W,Prentice,2011,New Phytol,Artemisia frigida,Asteraceae,N,Ev. Ang.,B,43.77,119.12,383,4,402,1.67,729,Natural,23.3,-28.7,1.3672831,1.457851631,20.32568797,49.2,1.308045254,0.059237846
859,K,Prentice,2011,New Phytol,Artemisia frigida,Asteraceae,N,Ev. Ang.,B,43.18,117.77,377,4.1,406,1.64,889,Natural,20.6,-29.5,1.314853962,1.470042788,19.49604651,51.3,1.289946552,0.02490741
860,L,Prentice,2011,New Phytol,Artemisia frigida,Asteraceae,N,Ev. Ang.,B,43.22,117.23,387,1.5,404,1.53,1259,Natural,26.6,-28.4,1.42517424,1.452951175,16.2614878,61.5,1.211160278,0.214013962
861,P,Prentice,2011,New Phytol,Artemisia frigida,Asteraceae,N,Ev. Ang.,B,43.38,116.88,361,1.2,393,1.43,1267,Natural,26.6,-28,1.424306762,1.447018414,14.02789175,71.3,1.146992406,0.277314356
862,Q,Prentice,2011,New Phytol,Artemisia frigida,Asteraceae,N,Ev. Ang.,B,43.55,116.68,342,1.2,373,1.51,1261,Natural,29,-27,1.461723073,1.432022748,14.43520453,69.3,1.159422942,0.302300132
863,U,Prentice,2011,New Phytol,Artemisia frigida,Asteraceae,N,Ev. Ang.,B,43.68,116.63,332,1.4,373,1.55,1211,Natural,30.2,-27.3,1.479862196,1.436305797,16.043169,62.3,1.205290158,0.274572037
864,AC,Prentice,2011,New Phytol,Artemisia frigida,Asteraceae,N,Ev. Ang.,B,43.92,116.32,308,1.2,340,1.69,1199,Natural,23.5,-27.8,1.370685642,1.444185372,16.25575494,61.5,1.211007144,0.159678498
865,AB,Prentice,2011,New Phytol,Artemisia frigida,Asteraceae,N,Ev. Ang.,B,43.9,115.32,268,1,264,1.62,1196,Natural,26.7,-27.8,1.426801099,1.444481995,13.6347532,73.3,1.134647281,0.292153817
866,AD,Prentice,2011,New Phytol,Artemisia frigida,Asteraceae,N,Ev. Ang.,B,43.93,114.62,237,1.6,242,2.24,1123,Natural,33.2,-26.3,1.521368645,1.420384877,13.43188393,74.4,1.12813693,0.393231715
867,Y,Prentice,2011,New Phytol,Artemisia mongolica,Asteraceae,N,Ev. Ang.,D,43.82,125.68,647,4.7,610,0.96,252,Natural,30.8,-29.9,1.489119065,1.476353323,26.28007179,38.1,1.419626547,0.069492518
868,H,Prentice,2011,New Phytol,Artemisia sacrorum,Asteraceae,N,Ev. Ang.,B,42.88,118.48,413,3.7,421,1.58,1024,Natural,21.1,-26.9,1.324387071,1.429623103,21.94604946,45.6,1.341356354,-0.016969282
869,S,Prentice,2011,New Phytol,Artemisia sacrorum,Asteraceae,N,Ev. Ang.,B,43.63,119.02,383,4.3,402,1.67,781,Natural,24.9,-26.9,1.396779173,1.430333103,10.32680948,96.8,1.013966165,0.382813008
870,Y,Prentice,2011,New Phytol,Artemisia sacrorum,Asteraceae,N,Ev. Ang.,D,43.82,125.68,647,4.7,610,0.96,252,Natural,28,-30.2,1.446954718,1.480121973,27.50357143,36.4,1.439389092,0.007565626
871,AG,Prentice,2011,New Phytol,Artemisia sacrorum,Asteraceae,N,Ev. Ang.,B,44.63,120.9,403,6,406,1.58,448,Natural,24.3,-28,1.386003417,1.447018414,18.30201961,54.6,1.262499016,0.1235044
872,AG,Prentice,2011,New Phytol,Artemisia sacrorum var glauca,Asteraceae,N,Ev. Ang.,B,44.63,120.9,403,6,406,1.58,448,Natural,21.9,-27.2,1.34080709,1.433849807,32.68601282,30.6,1.514361947,-0.173554856
873,S,Prentice,2011,New Phytol,Artemisia scoparia,Asteraceae,N,Ev. Ang.,B,43.63,119.02,383,4.3,402,1.67,781,Natural,33,-26.9,1.518439319,1.430026655,15.86415579,63,1.200416966,0.318022353
874,H,Prentice,2011,New Phytol,Artemisia scoparia,Asteraceae,N,Ev. Ang.,D,42.98,130.08,574,5.1,565,0.99,114,Natural,23,-32.2,1.361124014,1.507518556,33.5937037,29.8,1.526257887,-0.165133873
875,AF,Prentice,2011,New Phytol,Artemisia scoparia,Asteraceae,N,Ev. Ang.,D,44.58,123.52,435,5.4,490,1.39,146,Natural,15.2,-29,1.180438427,1.462532758,19.6251603,51,1.292813213,-0.112374786
876,K,Prentice,2011,New Phytol,Artemisia scoparia,Asteraceae,N,Ev. Ang.,B,43.18,117.77,377,4.1,406,1.64,889,Natural,17.5,-30.4,1.243959686,1.482373285,25.92465245,38.6,1.413712943,-0.169753257
877,H,Prentice,2011,New Phytol,Asparagus dauricus,Asparagaceae,N,Forb,D,42.98,130.08,574,5.1,565,0.99,114,Natural,18.4,-30.1,1.265565576,1.478696332,20.68932609,48.3,1.315746345,-0.050180769
878,AD,Prentice,2011,New Phytol,Asparagus dauricus,Asparagaceae,N,Forb,B,43.93,114.62,237,1.6,242,2.24,1123,Natural,28,-24.2,1.447861119,1.38309693,16.61543139,60.2,1.220511622,0.227349497
879,Z,Prentice,2011,New Phytol,Asparagus dauricus,Asparagaceae,N,Forb,B,43.83,113.83,222,2,217,2.42,1166,Natural,30.5,-24.9,1.484000161,1.396303984,23.59270677,42.4,1.37277777,0.111222391
880,V,Prentice,2011,New Phytol,Asparagus dauricus,Asparagaceae,N,Forb,B,43.72,112.58,161,3.7,182,3.61,974,Natural,32.6,-25.1,1.51343712,1.398859738,22.72863594,44,1.356573372,0.156863747
881,S,Prentice,2011,New Phytol,Asparagus dauricus,Asparagaceae,N,Forb,B,43.63,112.17,147,3.7,172,4.06,999,Natural,32.9,-25,1.517287254,1.398131056,20.87740196,47.9,1.319676453,0.197610801
883,T,Prentice,2011,New Phytol,Asparagus dauricus,Asparagaceae,N,Forb,B,43.65,111.88,134,3.7,166,4.51,1017,Natural,35.1,-24.7,1.545488466,1.393347029,21.72456989,46,1.336951187,0.208537279
884,AF,Prentice,2011,New Phytol,Aster ageratoides,Asteraceae,N,Forb,D,44.58,123.52,435,5.4,490,1.39,146,Natural,27.8,-29.7,1.443680179,1.472215072,19.23631111,52,1.284121792,0.159558387
885,PP,Prentice,2011,New Phytol,Aster scaber,Asteraceae,N,Forb,D,43.38,129.67,552,4.1,498,1.16,224,Natural,19.1,-32.4,1.280319976,1.509941404,31.82290121,31.4,1.502739771,-0.222419795
886,N,Prentice,2011,New Phytol,Astilbe chinensis,Saxifragaceae,N,Forb,D,43.3,131.15,666,4,566,0.86,289,Natural,18.9,-32.2,1.276201384,1.507909818,41.1301894,24.3,1.614160709,-0.337959325
887,J,Prentice,2011,New Phytol,Astilbe chinensis,Saxifragaceae,N,Forb,D,43.12,131,666,4.5,566,0.86,244,Natural,14,-31.9,1.146161412,1.504062883,36.88585405,27.1,1.566859844,-0.420698432
891,O,Prentice,2011,New Phytol,Bassia dasyphylla,Amaranthaceae,N,Forb,B,43.33,118.48,370,5.2,393,1.72,707,Natural,25.5,-27.5,1.406389305,1.438827039,22.08986842,45.3,1.344193129,0.062196176
892,W,Prentice,2011,New Phytol,Belamcanda chinensis,Iridaceae,N,Graminoid,B,43.77,119.12,383,4,402,1.67,729,Natural,14.3,-25.6,1.15532977,1.408121197,13.83871572,72.3,1.141095788,0.014233982
893,N,Prentice,2011,New Phytol,Betula albosinensis,Betulaceae,N,Dec. Ang.,D,43.3,131.15,666,4,566,0.86,289,Natural,33.3,-30,1.522057804,1.477381753,25.59628695,39.1,1.40817697,0.113880834
894,N,Prentice,2011,New Phytol,Betula platyphylla,Betulaceae,N,Dec. Ang.,D,43.3,131.15,666,4,566,0.86,289,Natural,23.9,-30.7,1.377809295,1.487081786,23.25191059,43,1.366458644,0.011350651
895,J,Prentice,2011,New Phytol,Betula platyphylla,Betulaceae,N,Dec. Ang.,D,43.12,131,666,4.5,566,0.86,244,Natural,26.9,-31.9,1.43004218,1.503245771,16.92628657,59.1,1.228561689,0.201480491
896,I,Prentice,2011,New Phytol,Betula utilis,Betulaceae,N,Dec. Ang.,D,43.02,129.77,545,5.3,498,1.17,136,Natural,19.8,-27.4,1.295622991,1.43806745,21.72571213,46,1.336974021,-0.04135103
897,PP,Prentice,2011,New Phytol,Betula utilis,Betulaceae,N,Dec. Ang.,D,43.38,129.67,552,4.1,498,1.16,224,Natural,24,-29.5,1.379484798,1.469306445,28.90839425,34.6,1.461023969,-0.081539171
898,J,Prentice,2011,New Phytol,Brachybotrys paridiformis,Boraginaceae,N,Dec. Ang.,D,43.12,131,666,4.5,566,0.86,244,Natural,18.2,-29.9,1.258960706,1.475743807,28.7427074,34.8,1.458527674,-0.199566968
899,AB,Prentice,2011,New Phytol,Bupleurum scorzonerifolium,Apiaceae,N,Forb,B,43.9,115.32,268,1,264,1.62,1196,Natural,20.7,-26,1.316887683,1.415257217,11.82474252,84.6,1.072791693,0.244095989
901,AF,Prentice,2011,New Phytol,Calamagrostis epigejos,Poaceae,N,Graminoid,D,44.58,123.52,435,5.4,490,1.39,146,Natural,18.6,-27.7,1.268673144,1.443106457,18.33263469,54.5,1.263224884,0.00544826
919,Y,Prentice,2011,New Phytol,Carex duriuscula,Cyperaceae,N,Graminoid,D,43.82,125.68,647,4.7,610,0.96,252,Natural,18.2,-26.8,1.260598335,1.427843006,22.3042183,44.8,1.348387007,-0.087788673
920,AF,Prentice,2011,New Phytol,Carex duriuscula,Cyperaceae,N,Graminoid,D,44.58,123.52,435,5.4,490,1.39,150,Natural,23.4,-26.4,1.369460846,1.420863021,21.19597253,47.2,1.326253348,0.043207498
922,I,Prentice,2011,New Phytol,Carex pediformis,Cyperaceae,N,Graminoid,D,43.02,129.77,545,5.3,498,1.17,136,Natural,12.5,-29.4,1.098286713,1.467726466,36.85153135,27.1,1.56645554,-0.468168827
923,N,Prentice,2011,New Phytol,Carex pediformis,Cyperaceae,N,Graminoid,D,43.3,131.15,666,4,566,0.86,289,Natural,20.3,-31.2,1.30852957,1.493695001,30.31250949,33,1.481621892,-0.173092322
925,M,Prentice,2011,New Phytol,Carex siderosticta,Cyperaceae,N,Graminoid,D,43.25,128.63,614,3,593,1.02,601,Natural,18.6,-32.1,1.268877322,1.506126043,36.47609214,27.4,1.562008304,-0.293130983
926,H,Prentice,2011,New Phytol,Carex sp,Cyperaceae,N,Graminoid,D,42.98,130.08,574,5.1,565,0.99,114,Natural,14.6,-28.9,1.165544424,1.461228322,27.19579193,36.8,1.43450171,-0.268957286
927,N,Prentice,2011,New Phytol,Carex sp,Cyperaceae,N,Graminoid,D,43.3,131.15,666,4,566,0.86,289,Natural,18.7,-31,1.270904321,1.491725788,30.1242557,33.2,1.478916325,-0.208012004
928,PP,Prentice,2011,New Phytol,Carex sp ,Cyperaceae,N,Graminoid,D,43.38,129.67,552,4.1,498,1.16,224,Natural,11.5,-30.9,1.06182152,1.489663227,32.65667012,30.6,1.513971899,-0.452150379
931,T,Prentice,2011,New Phytol,Ceratoides latens,Amaranthaceae,N,Forb,B,43.65,111.88,134,3.7,166,4.51,1017,Natural,34.6,-26,1.539204102,1.414388327,7.588987709,131.8,0.880183849,0.659020252
932,R,Prentice,2011,New Phytol,Chenopodium acuminatum,Amaranthaceae,N,Forb,B,43.6,121.83,397,6.4,431,1.66,202,Natural,26.1,-29.1,1.417061779,1.463654136,18.68084501,53.5,1.271396517,0.145665262
933,AE,Prentice,2011,New Phytol,Chenopodium acuminatum,Amaranthaceae,N,Forb,B,44.22,120.37,385,5.9,409,1.58,372,Natural,39.1,-28.2,1.592116386,1.450110482,32.14704082,31.1,1.507141002,0.084975384
934,O,Prentice,2011,New Phytol,Chenopodium acuminatum,Amaranthaceae,N,Forb,B,43.33,118.48,370,5.2,393,1.72,707,Natural,20.7,-27.9,1.316526876,1.44541737,14.79241095,67.6,1.170038963,0.146487913
935,Q,Prentice,2011,New Phytol,Chenopodium album,Amaranthaceae,N,Forb,B,43.55,116.68,342,1.2,373,1.51,1261,Natural,35.6,-25.9,1.550898785,1.413366831,15.2435926,65.6,1.183087333,0.367811452
936,K,Prentice,2011,New Phytol,Chenopodium aristatum,Amaranthaceae,N,Forb,B,43.18,117.77,377,4.1,406,1.64,889,Natural,14.2,-27.1,1.151562879,1.432167269,18.19660429,55,1.259990351,-0.108427472
937,R,Prentice,2011,New Phytol,Chenopodium glaucum,Amaranthaceae,N,Forb,B,43.6,121.83,397,6.4,431,1.66,203,Natural,46.2,-26.1,1.66426814,1.41733881,18.39095475,54.4,1.264604276,0.399663864
954,AD,Prentice,2011,New Phytol,Convolvulus ammannii,Convovulaceae,N,Forb,B,43.93,114.62,237,1.6,242,2.24,1123,Natural,23.1,-24.4,1.363220088,1.388190042,12.12412143,82.5,1.083650277,0.279569811
955,S,Prentice,2011,New Phytol,Convolvulus ammannii,Convovulaceae,N,Forb,B,43.63,112.17,147,3.7,172,4.06,999,Natural,35,-25.1,1.54397295,1.400365273,20.74033883,48.2,1.316815847,0.227157103
956,I,Prentice,2011,New Phytol,Corylus heterophylla,Betulaceae,N,Dec. Ang.,D,43.02,129.77,545,5.3,498,1.17,136,Natural,18,-28.8,1.254624468,1.459181321,21.87584462,45.7,1.33996483,-0.085340362
957,J,Prentice,2011,New Phytol,Corylus heterophylla,Betulaceae,N,Dec. Ang.,D,43.12,131,666,4.5,566,0.86,244,Natural,18.9,-30.7,1.275516554,1.487053489,25.97058974,38.5,1.414481812,-0.138965257
958,PP,Prentice,2011,New Phytol,Corylus heterophylla,Betulaceae,N,Dec. Ang.,D,43.38,129.67,552,4.1,498,1.16,224,Natural,17.6,-29.7,1.245668151,1.472668704,23.93712564,41.8,1.379071999,-0.133403848
959,M,Prentice,2011,New Phytol,Corylus heterophylla,Betulaceae,N,Dec. Ang.,D,43.25,128.63,614,3,593,1.02,601,Natural,24.5,-29.5,1.388720317,1.470498693,35.47382045,28.2,1.549907964,-0.161187646
961,Y,Prentice,2011,New Phytol,Corylus heterophylla,Betulaceae,N,Dec. Ang.,D,43.82,125.68,647,4.7,610,0.96,252,Natural,24.9,-27.9,1.396982221,1.445090218,18.39952041,54.3,1.264806503,0.132175718
962,Y,Prentice,2011,New Phytol,Crataegus pinnatifida,Rosaceae,N,Dec. Ang.,D,43.82,125.68,647,4.7,610,0.96,252,Natural,23.5,-28.1,1.370178585,1.448489892,11.25023975,88.9,1.051161778,0.319016808
963,W,Prentice,2011,New Phytol,Delphinium grandiflorum,Ranunculaceae,N,Forb,B,43.77,119.12,383,4,402,1.67,729,Natural,18.1,-25.8,1.258386244,1.412006695,16.10616946,62.1,1.206992264,0.05139398
964,W,Prentice,2011,New Phytol,Dianthus chinensis,Caryophyllaceae,N,Forb,B,43.77,119.12,383,4,402,1.67,729,Natural,6.8,-25.7,0.830007562,1.409747199,13.0053,76.9,1.114120375,-0.284112813
965,H,Prentice,2011,New Phytol,Dioscorea nipponica,Dioscoreaceae,N,Dec. Ang.,D,42.98,130.08,574,5.1,565,0.99,114,Natural,21.6,-28.8,1.335326419,1.459648767,35.37307447,28.3,1.548672808,-0.21334639
966,J,Prentice,2011,New Phytol,Dioscorea nipponica,Dioscoreaceae,N,Dec. Ang.,D,43.12,131,666,4.5,566,0.86,244,Natural,22.3,-30.1,1.348042279,1.478090098,56.10720405,17.8,1.749018627,-0.400976349
968,L,Prentice,2011,New Phytol,Dontostemon integrifolius,Brassicaceae,N,Forb,B,43.22,117.23,387,1.5,404,1.53,1259,Natural,22.9,-25.9,1.359683366,1.412578135,18.87117453,53,1.275798931,0.083884435
969,AA,Prentice,2011,New Phytol,Ephedra distachya,Ephedraceae,N,Ev. Ang.,B,43.88,119.38,381,4.7,402,1.67,601,Natural,20.8,-27.1,1.317523182,1.43226359,5.566745469,179.6,0.745601364,0.571921818
970,AB,Prentice,2011,New Phytol,Ephedra sinica,Ephedraceae,N,Ev. Ang.,B,43.9,115.32,268,1,264,1.62,1196,Natural,16.8,-25.8,1.22466569,1.412073963,3.973300635,251.7,0.599151427,0.625514263
971,N,Prentice,2011,New Phytol,Equisetum hyemale,Equisetaceae,N,Fern,D,43.3,131.15,666,4,566,0.86,289,Natural,18.1,-29.9,1.258751673,1.475060714,22.20075,45,1.346367646,-0.087615973
972,J,Prentice,2011,New Phytol,Equisetum hyemale,Equisetaceae,N,Fern,D,43.12,131,666,4.5,566,0.86,244,Natural,13.8,-31.1,1.14103889,1.493332555,25.46184795,39.3,1.40588992,-0.264851031
975,I,Prentice,2011,New Phytol,Euonymus alatus,Celastraceae,N,Ev. Ang.,D,43.02,129.77,545,5.3,498,1.17,136,Natural,22.6,-29.6,1.354773755,1.471233019,19.84218587,50.4,1.297589514,0.057184242
976,J,Prentice,2011,New Phytol,Euonymus alatus,Celastraceae,N,Ev. Ang.,D,43.12,131,666,4.5,566,0.86,244,Natural,18.2,-32.1,1.260193469,1.506734972,26.9183391,37.1,1.43004826,-0.169854791
977,PP,Prentice,2011,New Phytol,Euonymus pauciflorus,Celastraceae,N,Ev. Ang.,D,43.38,129.67,552,4.1,498,1.16,224,Natural,19.2,-30.8,1.282408939,1.489184775,31.34651285,31.9,1.496189235,-0.213780295
979,N,Prentice,2011,New Phytol,Fraxinus mandshurica,Oleaceae,N,Dec. Ang.,D,43.3,131.15,666,4,566,0.86,289,Natural,20.1,-28.8,1.302156843,1.45925675,22.47092571,44.5,1.351620964,-0.049464121
980,I,Prentice,2011,New Phytol,Fraxinus rhynchophylla,Oleaceae,N,Dec. Ang.,D,43.02,129.77,545,5.3,498,1.17,136,Natural,18,-30.1,1.255970858,1.478624205,25.65931622,39,1.409245079,-0.153274221
981,H,Prentice,2011,New Phytol,Fraxinus rhynchophylla,Oleaceae,N,Dec. Ang.,D,42.98,130.08,574,5.1,565,0.99,114,Natural,25.8,-30.4,1.412201922,1.483473182,26.53721572,37.7,1.423855355,-0.011653432
982,N,Prentice,2011,New Phytol,Fraxinus rhynchophylla,Oleaceae,N,Dec. Ang.,D,43.3,131.15,666,4,566,0.86,289,Natural,22.8,-30.1,1.358630149,1.478061208,34.7882572,28.7,1.541432672,-0.182802523
983,J,Prentice,2011,New Phytol,Fraxinus rhynchophylla,Oleaceae,N,Dec. Ang.,D,43.12,131,666,4.5,566,0.86,244,Natural,19.4,-31.6,1.287475664,1.499549626,22.24373134,45,1.347207641,-0.059731978
984,M,Prentice,2011,New Phytol,Galium manshuricum,Rubiaceae,N,Forb,D,43.25,128.63,614,3,593,1.02,601,Natural,26.9,-32.7,1.429450133,1.514813295,75.14126525,13.3,1.875878504,-0.446428371
986,AB,Prentice,2011,New Phytol,Haplophyllum dauricum,Rutaceae,N,Forb,B,43.9,115.32,268,1,264,1.62,1196,Natural,34.2,-25.7,1.534359423,1.410304734,10.87958333,91.9,1.036612263,0.49774716
989,S,Prentice,2011,New Phytol,Heteropappus altaicus,Asteraceae,N,Ev. Ang.,B,43.63,119.02,383,4.3,402,1.67,781,Natural,29.5,-25.9,1.470051683,1.413567971,14.61507179,68.4,1.164800953,0.30525073
990,Q,Prentice,2011,New Phytol,Heteropappus altaicus,Asteraceae,N,Ev. Ang.,B,43.55,116.68,342,1.2,373,1.51,1261,Natural,30,-26.9,1.476709291,1.429655401,11.45093833,87.3,1.058841076,0.417868216
991,AC,Prentice,2011,New Phytol,Heteropappus altaicus,Asteraceae,N,Ev. Ang.,B,43.92,116.32,308,1.2,340,1.69,1199,Natural,26.2,-27.4,1.417968979,1.436957331,16.06320995,62.3,1.205832336,0.212136643
993,AF,Prentice,2011,New Phytol,Inula britannica,Asteraceae,N,Forb,D,44.58,123.52,435,5.4,490,1.39,146,Natural,25.9,-29.4,1.414065065,1.468273465,21.84985121,45.8,1.339448484,0.074616581
994,AF,Prentice,2011,New Phytol,Inula britannica,Asteraceae,N,Forb,D,44.58,123.52,435,5.4,490,1.39,150,Natural,20.8,-29.1,1.317954731,1.463609336,24.38,41,1.387033701,-0.069078971
995,R,Prentice,2011,New Phytol,Iris lactea var. chinensis,Iridaceae,N,Forb,B,43.6,121.83,397,6.4,431,1.66,203,Natural,18.8,-24.3,1.273362055,1.386427618,7.524966936,132.9,0.876504596,0.396857459
996,P,Prentice,2011,New Phytol,Iris lactea var. chinensis,Iridaceae,N,Forb,B,43.38,116.88,361,1.2,393,1.43,1267,Natural,20.7,-25.2,1.315581131,1.401779521,6.543608663,152.8,0.815817319,0.499763812
997,AC,Prentice,2011,New Phytol,Iris lactea var. chinensis,Iridaceae,N,Forb,B,43.92,116.32,308,1.2,340,1.69,1199,Natural,21.7,-25.3,1.337387199,1.403789472,7.81195229,128,0.892759582,0.444627617
998,H,Prentice,2011,New Phytol,Ixeris chinensis,Asteraceae,N,Forb,D,42.98,130.08,574,5.1,565,0.99,114,Natural,34.3,-32.1,1.535657119,1.506924242,81.68254902,12.2,1.912129282,-0.376472163
999,AF,Prentice,2011,New Phytol,Ixeris denticulata,Asteraceae,N,Forb,D,44.58,123.52,435,5.4,490,1.39,150,Natural,27.6,-28.5,1.440712424,1.454204375,33.12522086,30.2,1.520158783,-0.079446359
1007,N,Prentice,2011,New Phytol,Larix olgensis,Pinaceae,N,Gymnosperm,D,43.3,131.15,666,4,566,0.86,289,Natural,17,-29.2,1.230125962,1.464653457,23.74028377,42.1,1.375485906,-0.145359944
1008,PP,Prentice,2011,New Phytol,Larix olgensis,Pinaceae,N,Gymnosperm,D,43.38,129.67,552,4.1,498,1.16,224,Natural,17.5,-26.8,1.242066777,1.42852354,22.16871412,45.1,1.345740503,-0.103673726
1026,AF,Prentice,2011,New Phytol,Leymus chinensis,Poaceae,N,Graminoid,D,44.58,123.52,435,5.4,490,1.39,146,Natural,21,-25.4,1.322497374,1.404012226,16.92753408,59.1,1.228593697,0.093903677
1027,R,Prentice,2011,New Phytol,Leymus chinensis,Poaceae,N,Graminoid,B,43.6,121.83,397,6.4,431,1.66,203,Natural,25,-25.1,1.397364675,1.398877073,11.28802246,88.6,1.052617865,0.34474681
1028,AA,Prentice,2011,New Phytol,Leymus chinensis,Poaceae,N,Graminoid,B,43.88,119.38,381,4.7,402,1.67,601,Natural,26.4,-26.6,1.421629428,1.42416266,10.20873583,98,1.008971966,0.412657462
1029,W,Prentice,2011,New Phytol,Leymus chinensis,Poaceae,N,Graminoid,B,43.77,119.12,383,4,402,1.67,729,Natural,19.1,-26.4,1.280136972,1.422327148,10.93411394,91.5,1.038783595,0.241353377
1030,K,Prentice,2011,New Phytol,Leymus chinensis,Poaceae,N,Graminoid,B,43.18,117.77,377,4.1,406,1.64,889,Natural,15.3,-26.7,1.185035074,1.426055582,8.84174359,113.1,0.946537916,0.238497158
1031,L,Prentice,2011,New Phytol,Leymus chinensis,Poaceae,N,Graminoid,B,43.22,117.23,387,1.5,404,1.53,1259,Natural,14.5,-26.2,1.161508748,1.418334442,7.905230114,126.5,0.897914516,0.263594232
1032,U,Prentice,2011,New Phytol,Leymus chinensis,Poaceae,N,Graminoid,B,43.68,116.63,332,1.4,373,1.55,1211,Natural,24.1,-25.8,1.382039892,1.410794099,14.05288961,71.2,1.147765635,0.234274257
1033,AC,Prentice,2011,New Phytol,Leymus chinensis,Poaceae,N,Graminoid,B,43.92,116.32,308,1.2,340,1.69,1199,Natural,17.3,-25,1.238069956,1.398356731,10.2495643,97.6,1.010705404,0.227364551
1034,AB,Prentice,2011,New Phytol,Leymus chinensis,Poaceae,N,Graminoid,B,43.9,115.32,268,1,264,1.62,1196,Natural,19.7,-26.7,1.294882576,1.427161403,11.15159073,89.7,1.047336822,0.247545754
1035,K,Prentice,2011,New Phytol,Limonium bicolor,Plumbaginaceae,N,Forb,B,43.18,117.77,377,4.1,406,1.64,889,Natural,25,-28.5,1.398784276,1.454417975,11.5532898,86.6,1.062705667,0.336078609
1036,I,Prentice,2011,New Phytol,Lonicera chrysantha,Caprifoliaceae,N,Ev. Ang.,D,43.02,129.77,545,5.3,498,1.17,136,Natural,24,-29.9,1.380120927,1.475235223,19.21841783,52,1.283717631,0.096403296
1037,N,Prentice,2011,New Phytol,Lonicera chrysantha,Caprifoliaceae,N,Ev. Ang.,D,43.3,131.15,666,4,566,0.86,289,Natural,20.1,-31.2,1.303741698,1.494794428,25.26716387,39.6,1.402556497,-0.098814798
1046,R,Prentice,2011,New Phytol,Messerschmidia sibirica,Boraginaceae,N,Forb,B,43.6,121.83,397,6.4,431,1.66,203,Natural,29.6,-27.1,1.47145474,1.433545831,21.87030929,45.7,1.339854925,0.131599815
1047,PP,Prentice,2011,New Phytol,Paeonia japonica,Paeoniaceae,N,Forb,D,43.38,129.67,552,4.1,498,1.16,224,Natural,13.5,-32.6,1.1297817,1.513324162,26.21878241,38.1,1.418612519,-0.28883082
1048,Z,Prentice,2011,New Phytol,Peganum harmala,Nitrariaceae,N,Forb,B,43.83,113.83,222,2,217,2.42,1166,Natural,23.5,-24,1.371581047,1.380681473,11.81876553,84.6,1.072572117,0.29900893
1054,N,Prentice,2011,New Phytol,Phellodendron amurense,Rutaceae,N,Dec. Ang.,D,43.3,131.15,666,4,566,0.86,289,Natural,32.9,-30.8,1.517052134,1.48814161,33.73256857,29.6,1.528049412,-0.010997278
1055,J,Prentice,2011,New Phytol,Phellodendron amurense,Rutaceae,N,Dec. Ang.,D,43.12,131,666,4.5,566,0.86,244,Natural,25.1,-30,1.4001822,1.476961984,31.02246817,32.2,1.491676348,-0.091494148
1056,I,Prentice,2011,New Phytol,Philadelphus tenuifolius,Hydrangeaceae,N,Dec. Ang.,D,43.02,129.77,545,5.3,498,1.17,136,Natural,21.4,-28.7,1.331188086,1.458350742,41.28867933,24.2,1.615830992,-0.284642906
1057,M,Prentice,2011,New Phytol,Philadelphus tenuifolius,Hydrangeaceae,N,Dec. Ang.,D,43.25,128.63,614,3,593,1.02,601,Natural,27,-30.8,1.430663957,1.488169837,45.80515222,21.8,1.660914331,-0.230250374
1059,H,Prentice,2011,New Phytol,Phlomis maximowiczii,Lamiaceae ,N,Ev. Ang.,D,42.98,130.08,574,5.1,565,0.99,114,Natural,22.5,-31.9,1.351789508,1.503777069,62.44851831,16,1.795522139,-0.443732631
1060,J,Prentice,2011,New Phytol,Phlomis maximowiczii,Lamiaceae ,N,Ev. Ang.,D,43.12,131,666,4.5,566,0.86,244,Natural,30.8,-32.5,1.488928987,1.512270712,58.63223821,17.1,1.768136473,-0.279207486
1062,AF,Prentice,2011,New Phytol,Phragmites australis,Poaceae,N,Graminoid,D,44.58,123.52,435,5.4,490,1.39,146,Natural,19.5,-26,1.290855523,1.415140352,13.25396538,75.4,1.122345832,0.168509691
1063,R,Prentice,2011,New Phytol,Phragmites australis,Poaceae,N,Graminoid,B,43.6,121.83,397,6.4,431,1.66,203,Natural,27.3,-25.8,1.435871544,1.410810964,11.68107093,85.6,1.067482661,0.368388883
1064,AF,Prentice,2011,New Phytol,Phragmites hirsutus,Poaceae,N,Graminoid,D,44.58,123.52,435,5.4,490,1.39,146,Natural,17.8,-25.2,1.249315488,1.401072973,12.45561623,80.3,1.095365219,0.153950269
1065,M,Prentice,2011,New Phytol,Pinus koraiensis,Pinaceae,N,Gymnosperm,D,43.25,128.63,614,3,593,1.02,601,Natural,14.1,-31.6,1.150156392,1.499068185,16.31354706,61.3,1.2125484,-0.062392008
1067,Y,Prentice,2011,New Phytol,Pinus tabuliformis,Pinaceae,N,Gymnosperm,D,43.82,125.68,647,4.7,610,0.96,252,Natural,15.3,-28.2,1.184425858,1.450895449,8.701650402,114.9,0.939601631,0.244824227
1068,PP,Prentice,2011,New Phytol,Polygonatum odoratum,Asparagaceae,N,Forb,D,43.38,129.67,552,4.1,498,1.16,224,Natural,16.8,-30.8,1.224552648,1.488564817,43.06390871,23.2,1.634113446,-0.409560798
1069,AA,Prentice,2011,New Phytol,Polygonum divaricatum,Polygonaceae,N,Forb,B,43.88,119.38,381,4.7,402,1.67,601,Natural,22.1,-27.5,1.345341667,1.440011242,13.46764368,74.3,1.129291617,0.21605005
1070,W,Prentice,2011,New Phytol,Polygonum divaricatum,Polygonaceae,N,Forb,B,43.77,119.12,383,4,402,1.67,729,Natural,27.7,-28.1,1.4422998,1.448737229,14.4788715,69.1,1.160734714,0.281565087
1071,K,Prentice,2011,New Phytol,Polygonum divaricatum,Polygonaceae,N,Forb,B,43.18,117.77,377,4.1,406,1.64,889,Natural,21.6,-28.1,1.335001082,1.448335234,14.95998559,66.8,1.174931175,0.160069906
1072,L,Prentice,2011,New Phytol,Polygonum divaricatum,Polygonaceae,N,Forb,B,43.22,117.23,387,1.5,404,1.53,1259,Natural,21.8,-28,1.338591145,1.447592109,12.35939174,80.9,1.091997098,0.246594047
1073,I,Prentice,2011,New Phytol,Populus davidiana,Salicaceae,N,Dec. Ang.,D,43.02,129.77,545,5.3,498,1.17,136,Natural,24.6,-29.9,1.391715518,1.475191602,18.0842616,55.3,1.257300781,0.134414737
1074,Y,Prentice,2011,New Phytol,Populus davidiana,Salicaceae,N,Dec. Ang.,D,43.82,125.68,647,4.7,610,0.96,252,Natural,23.1,-27.2,1.362711535,1.434999791,10.31586585,96.9,1.013505686,0.349205849
1075,P,Prentice,2011,New Phytol,Potentilla acaulis,Rosaceae,N,Forb,B,43.38,116.88,361,1.2,393,1.43,1267,Natural,21.7,-26.2,1.336399853,1.418450451,10.91229734,91.6,1.037916191,0.298483662
1076,U,Prentice,2011,New Phytol,Potentilla acaulis,Rosaceae,N,Forb,B,43.68,116.63,332,1.4,373,1.55,1211,Natural,23.4,-27.1,1.368809446,1.433417777,16.12848203,62,1.207593495,0.161215951
1077,AC,Prentice,2011,New Phytol,Potentilla acaulis,Rosaceae,N,Forb,B,43.92,116.32,308,1.2,340,1.69,1199,Natural,18.4,-26.2,1.264862254,1.417853505,11.10243343,90.1,1.045418178,0.219444076
1078,L,Prentice,2011,New Phytol,Potentilla bifurca,Rosaceae,N,Forb,B,43.22,117.23,387,1.5,404,1.53,1259,Natural,17.7,-26.7,1.248563935,1.426039299,15.92346923,62.8,1.202037693,0.046526242
1079,U,Prentice,2011,New Phytol,Potentilla bifurca,Rosaceae,N,Forb,B,43.68,116.63,332,1.4,373,1.55,1211,Natural,25.9,-27.2,1.412693976,1.435270872,16.08067407,62.2,1.20630425,0.206389726
1080,Y,Prentice,2011,New Phytol,Potentilla chinensis,Rosaceae,N,Forb,D,43.82,125.68,647,4.7,610,0.96,252,Natural,30.1,-29.4,1.478422995,1.468007443,23.57844086,42.4,1.372515084,0.105907911
1081,AF,Prentice,2011,New Phytol,Potentilla chinensis,Rosaceae,N,Forb,D,44.58,123.52,435,5.4,490,1.39,150,Natural,23,-28.6,1.36110956,1.456791009,18.46805258,54.1,1.266421102,0.094688458
1082,AA,Prentice,2011,New Phytol,Potentilla chinensis,Rosaceae,N,Forb,B,43.88,119.38,381,4.7,402,1.67,601,Natural,16.5,-28.2,1.217705361,1.450403086,14.42989964,69.3,1.159263311,0.058442051
1083,K,Prentice,2011,New Phytol,Potentilla chinensis,Rosaceae,N,Forb,B,43.18,117.77,377,4.1,406,1.64,889,Natural,15.9,-27.9,1.201676815,1.445277192,14.12377564,70.8,1.14995081,0.051726004
1084,L,Prentice,2011,New Phytol,Potentilla chinensis,Rosaceae,N,Forb,B,43.22,117.23,387,1.5,404,1.53,1259,Natural,17.8,-26.2,1.249867932,1.418284715,12.82920983,77.9,1.108199908,0.141668023
1085,U,Prentice,2011,New Phytol,Potentilla chinensis,Rosaceae,N,Forb,B,43.68,116.63,332,1.4,373,1.55,1211,Natural,27.4,-26.4,1.438493067,1.421472303,20.16050703,49.6,1.30450145,0.133991617
1086,AB,Prentice,2011,New Phytol,Potentilla chinensis,Rosaceae,N,Forb,B,43.9,115.32,268,1,264,1.62,1196,Natural,24.9,-25.2,1.395920166,1.402106557,11.27327304,88.7,1.052050026,0.34387014
1087,H,Prentice,2011,New Phytol,Prunus padus,Rosaceae,N,Dec. Ang.,D,42.98,130.08,574,5.1,565,0.99,114,Natural,24.6,-26.6,1.390823,1.424146306,20.19649836,49.5,1.305276079,0.085546922
1088,I,Prentice,2011,New Phytol,Pteridium aquilinum,Dennstaedtiaceae,N,Fern,D,43.02,129.77,545,5.3,498,1.17,136,Natural,16.3,-29.6,1.212966691,1.471497072,29.00188064,34.5,1.462426161,-0.24945947
1089,N,Prentice,2011,New Phytol,Pteridium aquilinum,Dennstaedtiaceae,N,Fern,D,43.3,131.15,666,4,566,0.86,289,Natural,23.1,-30.2,1.362740633,1.480452513,44.85522857,22.3,1.651813074,-0.289072441
1090,M,Prentice,2011,New Phytol,Pteridium aquilinum,Dennstaedtiaceae,N,Fern,D,43.25,128.63,614,3,593,1.02,601,Natural,22,-31,1.342632289,1.491585788,51.21122748,19.5,1.709365186,-0.366732897
1092,AF,Prentice,2011,New Phytol,Puccinella chinampoensis,Poaceae,N,Graminoid,D,44.58,123.52,435,5.4,490,1.39,146,Natural,20.9,-26.1,1.320672029,1.417288969,7.401428571,135.1,0.869315552,0.451356477
1093,H,Prentice,2011,New Phytol,Quercus mongolica,Fagaceae,N,Dec. Ang.,D,42.98,130.08,574,5.1,565,0.99,114,Natural,33.8,-28.3,1.52905099,1.451295083,27.71359058,36.1,1.442692797,0.086358193
1094,N,Prentice,2011,New Phytol,Quercus mongolica,Fagaceae,N,Dec. Ang.,D,43.3,131.15,666,4,566,0.86,289,Natural,27.8,-28.6,1.443592092,1.455727789,19.21546544,52,1.283650908,0.159941184
1095,J,Prentice,2011,New Phytol,Quercus mongolica,Fagaceae,N,Dec. Ang.,D,43.12,131,666,4.5,566,0.86,244,Natural,21.9,-30.5,1.339798349,1.483843947,19.47642402,51.3,1.289509221,0.050289128
1096,PP,Prentice,2011,New Phytol,Quercus mongolica,Fagaceae,N,Dec. Ang.,D,43.38,129.67,552,4.1,498,1.16,224,Natural,19.4,-30.3,1.288445228,1.481112841,25.2079771,39.7,1.401537996,-0.113092768
1097,M,Prentice,2011,New Phytol,Quercus mongolica,Fagaceae,N,Dec. Ang.,D,43.25,128.63,614,3,593,1.02,601,Natural,38.8,-27.6,1.589270833,1.440956285,32.66098276,30.6,1.514029248,0.075241585
1099,Y,Prentice,2011,New Phytol,Quercus mongolica,Fagaceae,N,Dec. Ang.,D,43.82,125.68,647,4.7,610,0.96,252,Natural,22.8,-28,1.358594772,1.447158031,30.53293269,32.8,1.48476852,-0.126173748
1101,PP,Prentice,2011,New Phytol,Rhamnus schneideri,Rhamnaceae,N,Ev. Ang.,D,43.38,129.67,552,4.1,498,1.16,224,Natural,18.4,-30.8,1.26510887,1.488409689,24.66094032,40.5,1.392009632,-0.126900762
1102,N,Prentice,2011,New Phytol,Rhamnus sp,Rhamnaceae,N,Ev. Ang.,D,43.3,131.15,666,4,566,0.86,289,Natural,25.5,-29.5,1.406509227,1.46963059,19.81008715,50.5,1.296886386,0.109622841
1103,J,Prentice,2011,New Phytol,Rhamnus sp,Rhamnaceae,N,Ev. Ang.,D,43.12,131,666,4.5,566,0.86,244,Natural,16.4,-30.3,1.21515242,1.481986947,28.0042418,35.7,1.447223819,-0.232071399
1104,PP,Prentice,2011,New Phytol,Rhododendron sp,Ericaceae,N,Ev. Ang.,D,43.38,129.67,552,4.1,498,1.16,224,Natural,19.3,-31.7,1.284665889,1.501237328,37.70637987,26.5,1.576414839,-0.291748949
1105,I,Prentice,2011,New Phytol,Ribes amurensis,Grossulariaceae,N,Dec. Ang.,D,43.02,129.77,545,5.3,498,1.17,136,Natural,26.7,-30.6,1.425799966,1.486274587,34.03044761,29.4,1.531867662,-0.106067696
1106,I,Prentice,2011,New Phytol,Rosa sp,Rosaceae,N,Dec. Ang.,D,43.02,129.77,545,5.3,498,1.17,136,Natural,22.5,-28.8,1.351632197,1.459332165,30.75796717,32.5,1.487957629,-0.136325432
1107,Y,Prentice,2011,New Phytol,Rosa sp,Rosaceae,N,Dec. Ang.,D,43.82,125.68,647,4.7,610,0.96,252,Natural,16.8,-27,1.226131553,1.432135158,18.31541115,54.6,1.262816672,-0.036685119
1108,H,Prentice,2011,New Phytol,Rubia sylvatica,Rubiaceae ,N,Ev. Ang.,D,42.98,130.08,574,5.1,565,0.99,114,Natural,18.9,-31.5,1.275444963,1.498448403,29.11461321,34.3,1.464111025,-0.188666061
1109,AE,Prentice,2011,New Phytol,Salix gordejevii,Salicaceae,N,Dec. Ang.,B,44.22,120.37,385,5.9,409,1.58,372,Natural,20.9,-27.9,1.319661355,1.446055386,13.9703049,71.6,1.145205885,0.17445547
1110,N,Prentice,2011,New Phytol,Salix gracilistyla,Salicaceae,N,Dec. Ang.,D,43.3,131.15,666,4,566,0.86,289,Natural,22.3,-30.9,1.347910563,1.490393961,25.47058641,39.3,1.406038944,-0.058128381
1111,N,Prentice,2011,New Phytol,Salix viminalis,Salicaceae,N,Dec. Ang.,D,43.3,131.15,666,4,566,0.86,289,Natural,28.8,-29.9,1.46004784,1.475772851,18.7321118,53.4,1.272586741,0.187461099
1121,AE,Prentice,2011,New Phytol,Salsola ruthenica,Chenopodiaceae,N,Forb,B,44.22,120.37,385,5.9,409,1.58,372,Natural,27.1,-27.6,1.432208839,1.440720217,16.46108333,60.7,1.216458414,0.215750426
1122,M,Prentice,2011,New Phytol,Sambucus sp,Caprifoliaceae,N,Ev. Ang.,D,43.25,128.63,614,3,593,1.02,601,Natural,28.3,-32.1,1.452395349,1.506261434,54.0075563,18.5,1.732454527,-0.280059178
1123,AF,Prentice,2011,New Phytol,Sanguisorba officinalis,Rosaceae,N,Forb,D,44.58,123.52,435,5.4,490,1.39,146,Natural,21.6,-29.2,1.334078561,1.465650485,15.75161872,63.5,1.197325191,0.136753371
1124,V,Prentice,2011,New Phytol,Scorzonera divaricata,Asteraceae,N,Forb,B,43.72,112.58,161,3.7,182,3.61,974,Natural,24,-24.7,1.37990582,1.392292361,8.801704148,113.6,0.944566767,0.435339054
1125,W,Prentice,2011,New Phytol,Scutellaria baicalensis,Lamiaceae,N,Forb,B,43.77,119.12,383,4,402,1.67,729,Natural,15.5,-27.9,1.191284034,1.445105802,15.31803078,65.3,1.185202938,0.006081097
1127,S,Prentice,2011,New Phytol,Serratula yamatsutana,Asteraceae,N,Forb,B,43.63,119.02,383,4.3,402,1.67,781,Natural,27.6,-29.2,1.441160779,1.464936429,9.132157529,109.5,0.960573394,0.480587384
1128,AG,Prentice,2011,New Phytol,Serratula yamatsutana,Asteraceae,N,Forb,B,44.63,120.9,403,6,406,1.58,448,Natural,23.6,-27.5,1.372072658,1.439506377,15.59867857,64.1,1.193087809,0.178984849
1129,Q,Prentice,2011,New Phytol,Serratula yamatsutana,Asteraceae,N,Forb,B,43.55,116.68,342,1.2,373,1.51,1261,Natural,22.5,-26.5,1.352750611,1.42357352,11.08124548,90.2,1.044588576,0.308162035
1130,AB,Prentice,2011,New Phytol,Serratula yamatsutana,Asteraceae,N,Forb,B,43.9,115.32,268,1,264,1.62,1196,Natural,21.7,-26.1,1.336667152,1.416773604,12.4001585,80.6,1.093427236,0.243239915
1132,N,Prentice,2011,New Phytol,Sorbaria sorbifolia,Rosaceae,N,Dec. Ang.,D,43.3,131.15,666,4,566,0.86,289,Natural,28.5,-30.9,1.455041325,1.490225439,44.56101051,22.4,1.648955031,-0.193913705
1133,Q,Prentice,2011,New Phytol,Spiraea trilobata,Rosaceae,N,Dec. Ang.,B,43.55,116.68,342,1.2,373,1.51,1261,Natural,23,-25.3,1.36140745,1.403137687,13.19567956,75.8,1.120431761,0.240975689
1135,X,Prentice,2011,New Phytol,Stipa glareosa,Poaceae,N,Graminoid,B,43.8,113.37,193,3,198,2.88,1017,Natural,28,-24.5,1.446733113,1.389626724,21.98336585,45.5,1.342094188,0.104638926
1136,V,Prentice,2011,New Phytol,Stipa gobica,Poaceae,N,Graminoid,B,43.72,112.58,161,3.7,182,3.61,974,Natural,28.8,-25.4,1.460106144,1.405175546,21.48600636,46.5,1.3321557,0.127950444
1137,S,Prentice,2011,New Phytol,Stipa gobica,Poaceae,N,Graminoid,B,43.63,112.17,147,3.7,172,4.06,999,Natural,32.9,-25.2,1.517383387,1.401055726,26.30137019,38,1.419978374,0.097405013
1139,T,Prentice,2011,New Phytol,Stipa gobica,Poaceae,N,Graminoid,B,43.65,111.88,134,3.7,166,4.51,1017,Natural,28.2,-24.7,1.450045967,1.391957848,21.34499558,46.8,1.329296069,0.120749898
1140,L,Prentice,2011,New Phytol,Stipa grandis,Poaceae,N,Graminoid,B,43.22,117.23,387,1.5,404,1.53,1259,Natural,13.2,-25.8,1.11898023,1.411905775,15.45973524,64.7,1.189202052,-0.070221822
1141,H,Prentice,2011,New Phytol,Stipa krylovii,Poaceae,N,Graminoid,B,42.88,118.48,413,3.7,421,1.58,1024,Natural,15.2,-25.8,1.182566518,1.411232372,31.10958079,32.1,1.492894159,-0.310327641
1142,S,Prentice,2011,New Phytol,Stipa krylovii,Poaceae,N,Graminoid,B,43.63,119.02,383,4.3,402,1.67,781,Natural,20.4,-25.1,1.309121387,1.399708325,11.67080877,85.7,1.067100953,0.242020434
1143,AG,Prentice,2011,New Phytol,Stipa krylovii,Poaceae,N,Graminoid,B,44.63,120.9,403,6,406,1.58,448,Natural,15.9,-25.6,1.202757455,1.407424899,21.67581967,46.1,1.335975529,-0.133218074
1144,P,Prentice,2011,New Phytol,Stipa krylovii,Poaceae,N,Graminoid,B,43.38,116.88,361,1.2,393,1.43,1267,Natural,19.4,-26.4,1.286873374,1.421883496,20.53123264,48.7,1.312415024,-0.02554165
1145,Q,Prentice,2011,New Phytol,Stipa krylovii,Poaceae,N,Graminoid,B,43.55,116.68,342,1.2,373,1.51,1261,Natural,18,-24.7,1.254937144,1.392345155,14.46518001,69.1,1.160323843,0.094613301
1146,U,Prentice,2011,New Phytol,Stipa krylovii,Poaceae,N,Graminoid,B,43.68,116.63,332,1.4,373,1.55,1211,Natural,20.2,-26.1,1.304888557,1.415824399,27.84253353,35.9,1.444708751,-0.139820194
1147,AC,Prentice,2011,New Phytol,Stipa krylovii,Poaceae,N,Graminoid,B,43.92,116.32,308,1.2,340,1.69,1199,Natural,14.9,-25,1.172684055,1.397435935,18.99947707,52.6,1.278741648,-0.106057593
1148,AB,Prentice,2011,New Phytol,Stipa krylovii,Poaceae,N,Graminoid,B,43.9,115.32,268,1,264,1.62,1196,Natural,15.2,-25.1,1.181572318,1.399742926,18.16530545,55,1.259242705,-0.077670387
1149,AD,Prentice,2011,New Phytol,Stipa krylovii,Poaceae,N,Graminoid,B,43.93,114.62,237,1.6,242,2.24,1123,Natural,13.5,-23.1,1.130114836,1.364100521,17.32989838,57.7,1.238796016,-0.10868118
1150,Z,Prentice,2011,New Phytol,Stipa krylovii,Poaceae,N,Graminoid,B,43.83,113.83,222,2,217,2.42,1166,Natural,28.2,-24.5,1.450977922,1.389325592,18.17935652,55,1.259578507,0.191399415
1151,R,Prentice,2011,New Phytol,Suaeda glauca,Amaranthaceae,N,Forb,B,43.6,121.83,397,6.4,431,1.66,203,Natural,28.8,-24.6,1.459403287,1.390246045,19.80377179,50.5,1.296747913,0.162655374
1152,AF,Prentice,2011,New Phytol,Taraxacum ohwianum,Asteraceae,N,Forb,D,44.58,123.52,435,5.4,490,1.39,150,Natural,28.4,-28.6,1.453279383,1.456274913,26.39589466,37.9,1.421536387,0.031742997
1153,AE,Prentice,2011,New Phytol,Thalictrum squarrosum,Ranunculaceae,N,Forb,B,44.22,120.37,385,5.9,409,1.58,372,Natural,30,-25.4,1.477344006,1.405482963,18.24679366,54.8,1.261186561,0.216157445
1154,W,Prentice,2011,New Phytol,Thalictrum squarrosum,Ranunculaceae,N,Forb,B,43.77,119.12,383,4,402,1.67,729,Natural,22.6,-26.6,1.354147497,1.425305928,16.33744069,61.2,1.213184024,0.140963473
1155,L,Prentice,2011,New Phytol,Thalictrum squarrosum,Ranunculaceae,N,Forb,B,43.22,117.23,387,1.5,404,1.53,1259,Natural,22.8,-25.8,1.358179979,1.411670202,20.07763893,49.8,1.30271264,0.055467339
1156,I,Prentice,2011,New Phytol,Thalictrum tuberiferum,Ranunculaceae,N,Forb,D,43.02,129.77,545,5.3,498,1.17,136,Natural,21.3,-29,1.328232341,1.463071381,34.6019877,28.9,1.539101047,-0.210868707
1159,H,Prentice,2011,New Phytol,Thymus mongolicus,Lamiaceae,N,Forb,B,42.88,118.48,413,3.7,421,1.58,1024,Natural,18.2,-27.8,1.26072106,1.444747222,22.49457596,44.5,1.352077811,-0.091356751
1160,I,Prentice,2011,New Phytol,Tilia amurensis,Tiliaceae,N,Dec. Ang.,D,43.02,129.77,545,5.3,498,1.17,136,Natural,20.6,-30.1,1.314214029,1.478479917,22.2586054,44.9,1.34749795,-0.033283921
1161,N,Prentice,2011,New Phytol,Tilia amurensis,Tiliaceae,N,Dec. Ang.,D,43.3,131.15,666,4,566,0.86,289,Natural,25.8,-31,1.41150416,1.490800952,39.62421502,25.2,1.597960672,-0.186456512
1162,PP,Prentice,2011,New Phytol,Tilia amurensis,Tiliaceae,N,Dec. Ang.,D,43.38,129.67,552,4.1,498,1.16,224,Natural,20.6,-31.5,1.314370118,1.497896743,33.00271575,30.3,1.518549679,-0.204179561
1163,I,Prentice,2011,New Phytol,Tilia mandshurica,Tiliaceae,N,Dec. Ang.,D,43.02,129.77,545,5.3,498,1.17,136,Natural,16.4,-28.5,1.213928351,1.455027682,26.32000876,38,1.420286029,-0.206357679
1164,M,Prentice,2011,New Phytol,Tilia mandshurica,Tiliaceae,N,Dec. Ang.,D,43.25,128.63,614,3,593,1.02,601,Natural,21.3,-31.3,1.329243621,1.494988974,43.39993695,23,1.637489099,-0.308245477
1170,I,Prentice,2011,New Phytol,Ulmus davidiana var japonica,Ulmaceae,N,Dec. Ang.,D,43.02,129.77,545,5.3,498,1.17,136,Natural,20.2,-26.9,1.306347438,1.429025157,11.59839829,86.2,1.064398018,0.24194942
1171,H,Prentice,2011,New Phytol,Ulmus davidiana var japonica,Ulmaceae,N,Dec. Ang.,D,42.98,130.08,574,5.1,565,0.99,114,Natural,19.3,-29.3,1.284859508,1.466749025,12.79019171,78.2,1.106877054,0.177982454
1172,J,Prentice,2011,New Phytol,Ulmus davidiana var japonica,Ulmaceae,N,Dec. Ang.,D,43.12,131,666,4.5,566,0.86,244,Natural,15.7,-29.9,1.196028705,1.475133434,17.9595828,55.7,1.254296244,-0.058267539
1173,Y,Prentice,2011,New Phytol,Ulmus davidiana var japonica,Ulmaceae,N,Dec. Ang.,D,43.82,125.68,647,4.7,610,0.96,252,Natural,29.4,-29.3,1.469059211,1.466140718,15.0425257,66.5,1.177320762,0.291738449
1174,AA,Prentice,2011,New Phytol,Ulmus davidiana var japonica,Ulmaceae,N,Dec. Ang.,B,43.88,119.38,381,4.7,402,1.67,601,Natural,22.6,-26.6,1.354595477,1.424669336,8.12601927,123.1,0.909877848,0.444717629
1175,M,Prentice,2011,New Phytol,Ulmus macrocarpa,Ulmaceae,N,Dec. Ang.,D,43.25,128.63,614,3,593,1.02,601,Natural,23.2,-31.1,1.365730926,1.492746424,28.82545994,34.7,1.459776246,-0.09404532
1177,N,Prentice,2011,New Phytol,Viburnum sargentii,Caprifoliaceae,N,Ev. Ang.,D,43.3,131.15,666,4,566,0.86,289,Natural,17.8,-28.6,1.250691982,1.456229346,24.95818012,40.1,1.397212915,-0.146520932
1181,M,Prentice,2011,New Phytol,Viola acuminata,Violaceae,N,Forb,D,43.25,128.63,614,3,593,1.02,601,Natural,29.8,-32.7,1.47373242,1.514242178,41.69696741,24,1.62010447,-0.146372051
1182,J,Prentice,2011,New Phytol,Vitis amurensis,Vitaceae,N,Dec. Ang.,D,43.12,131,666,4.5,566,0.86,244,Natural,29.5,-31.9,1.469746676,1.504457269,47.41438138,21.1,1.675910089,-0.206163413
1345,AK,Schulze,1998,Aust J of Plant Phys,Acacia aneura ,Mimosaceae,F,Ev. Ang.,B,-25.03,128.3,248,22.3,262,4.47,591,Natural,19.6,-25.7,1.293141483,1.409933123,0.95,1052.6,-0.022276395,1.315417878
1346,AJ,Schulze,1998,Aust J of Plant Phys,Acacia aneura ,Mimosaceae,F,Ev. Ang.,B,-25.07,129.57,299,21.1,270,4.82,446,Natural,16.6,-23.8,1.218797998,1.376576957,1.2,833.3,0.079181246,1.139616752
1347,AH,Schulze,1998,Aust J of Plant Phys,Acacia aneura ,Mimosaceae,F,Ev. Ang.,B,-25.3,130.68,321,20.8,262,4.47,580,Natural,18.6,-25.6,1.268499967,1.407674109,0.823333333,1214.6,-0.084424301,1.352924268
1349,AM,Schulze,1998,Aust J of Plant Phys,Acacia coriacea ,Mimosaceae,F,Ev. Ang.,B,-23.22,129.88,296,23.2,260,3.76,511,Natural,17.4,-24.6,1.239799818,1.390935107,0.84,1190.5,-0.075720714,1.315520532
1350,AL,Schulze,1998,Aust J of Plant Phys,Acacia coriacea ,Mimosaceae,F,Ev. Ang.,B,-23.37,129.37,283,23.3,267,3.94,491,Natural,16.9,-27.5,1.228400359,1.439332694,0.94,1063.8,-0.026872146,1.255272505
1351,AQ,Schulze,1998,Aust J of Plant Phys,Acacia dimidiata ,Mimosaceae,F,Ev. Ang.,A,-14.3,132.08,1080,27.2,880,1.63,193,Natural,21.6,-26.1,1.333648757,1.416640507,5.01,199.6,0.699837726,0.633811031
1352,AO,Schulze,1998,Aust J of Plant Phys,Acacia holosericea ,Mimosaceae,F,Ev. Ang.,B,-16.12,130.92,741,27.4,644,2.35,159,Natural,19.5,-27.9,1.289588953,1.445604203,3.58,279.3,0.553883027,0.735705926
1353,AS,Schulze,1998,Aust J of Plant Phys,Acacia mimula ,Mimosaceae,F,Ev. Ang.,A,-12.68,132.38,1430,27.7,887,1.17,82,Natural,26.4,-27.9,1.422261451,1.445604203,5.96,167.8,0.77524626,0.647015191
1354,AS,Schulze,1998,Aust J of Plant Phys,Acacia mimula ,Mimosaceae,F,Ev. Ang.,A,-12.68,132.38,1430,27.7,887,1.17,82,Natural,21.3,-29.9,1.329194415,1.475671188,4.79,208.8,0.680335513,0.648858902
1356,AL,Schulze,1998,Aust J of Plant Phys,Allocasuarina decaisneana ,Casuarinaceae,F,Ev. Ang.,B,-23.37,129.37,283,23.3,267,3.94,491,Natural,9.3,-24.2,0.968482949,1.383815366,0.95,1052.6,-0.022276395,0.990759343
1357,AI,Schulze,1998,Aust J of Plant Phys,Allocasuarina decaisneana ,Casuarinaceae,F,Ev. Ang.,B,-25.13,128.55,258,21.9,273,4.31,599,Natural,9.3,-25,0.968482949,1.397940009,0.91,1098.9,-0.040958608,1.009441556
1358,AH,Schulze,1998,Aust J of Plant Phys,Allocasuarina decaisneana ,Casuarinaceae,F,Ev. Ang.,B,-25.3,130.68,321,20.8,262,4.47,580,Natural,11.6,-25.3,1.062957834,1.403120521,0.94,1063.8,-0.026872146,1.08982998
1361,AO,Schulze,1998,Aust J of Plant Phys,Bauhinnia cunningamii ,Fabaceae,F,Ev. Ang.,B,-16.12,130.92,741,27.4,644,2.35,159,Natural,13.2,-27.7,1.119585775,1.442479769,7.18,139.3,0.856124444,0.263461331
1362,AQ,Schulze,1998,Aust J of Plant Phys,Bauhinnia cunningamii ,Fabaceae,F,Ev. Ang.,A,-14.3,132.08,1080,27.2,880,1.63,193,Natural,15.3,-27.4,1.185542155,1.437750563,6.93,144.3,0.840733235,0.34480892
1363,AN,Schulze,1998,Aust J of Plant Phys,Bauhinnia cunningamii ,Fabaceae,F,Ev. Ang.,B,-17.3,130.75,612,26.5,562,2.83,219,Natural,24.6,-24.8,1.390758529,1.394451681,10.04,99.6,1.001733713,0.389024816
1365,AO,Schulze,1998,Aust J of Plant Phys,Carissa lanceolata ,Apocynaceae,N,Ev. Ang.,B,-16.12,130.92,741,27.4,644,2.35,159,Natural,12.8,-28.9,1.108565024,1.460897843,4.47,223.7,0.650307523,0.458257501
1366,AP,Schulze,1998,Aust J of Plant Phys,Eucalyptus bleeseri ,Myrtaceae,N,Ev. Ang.,A,-14.3,132.08,1080,27.2,880,1.63,193,Natural,9,-26.9,0.954724791,1.42975228,4.37,228.8,0.640481437,0.314243354
1367,AO,Schulze,1998,Aust J of Plant Phys,Eucalyptus brevifolia ,Myrtaceae,N,Ev. Ang.,B,-16.12,130.92,741,27.4,644,2.35,159,Natural,7.9,-26.6,0.897901874,1.424064525,3.34,299.4,0.523746467,0.374155407
1368,AN,Schulze,1998,Aust J of Plant Phys,Eucalyptus brevifolia ,Myrtaceae,N,Ev. Ang.,B,-17.3,130.75,612,26.5,562,2.83,219,Natural,10.1,-27.3,1.004321374,1.436162647,3.58,279.3,0.553883027,0.450438347
1369,AR,Schulze,1998,Aust J of Plant Phys,Eucalyptus clavigera ,Myrtaceae,N,Ev. Ang.,A,-12.68,132.38,1430,27.7,887,1.17,82,Natural,12.1,-26.2,1.084337917,1.418853478,5.4,185.2,0.73239376,0.351944157
1370,AJ,Schulze,1998,Aust J of Plant Phys,Eucalyptus gummiphylla ,Myrtaceae,N,Ev. Ang.,B,-25.07,129.57,299,21.1,270,4.82,446,Natural,12.3,-25.1,1.09131516,1.399673721,3.1,322.6,0.491361694,0.599953466
1372,AR,Schulze,1998,Aust J of Plant Phys,Eucalyptus miniata ,Myrtaceae,N,Ev. Ang.,A,-12.68,132.38,1430,27.7,887,1.17,82,Natural,10.2,-28.1,1.008600172,1.44870632,5,200,0.698970004,0.309630167
1373,AP,Schulze,1998,Aust J of Plant Phys,Eucalyptus miniata ,Myrtaceae,N,Ev. Ang.,A,-14.3,132.08,1080,27.2,880,1.63,193,Natural,10.1,-27.7,1.003891166,1.441695136,4.335,230.7,0.636989102,0.366902064
1377,AR,Schulze,1998,Aust J of Plant Phys,Eucalyptus porrecta ,Myrtaceae,N,Ev. Ang.,A,-12.68,132.38,1430,27.7,887,1.17,82,Natural,7.6,-29.5,0.879669206,1.469822016,5.76,173.6,0.760422483,0.119246722
1378,AO,Schulze,1998,Aust J of Plant Phys,Eucalyptus pruinosa ,Myrtaceae,N,Ev. Ang.,B,-16.12,130.92,741,27.4,644,2.35,159,Natural,11.9,-27.6,1.075546961,1.440909082,4.3,232.6,0.633468456,0.442078506
1380,AP,Schulze,1998,Aust J of Plant Phys,Eucalyptus tectifera ,Myrtaceae,N,Ev. Ang.,A,-14.3,132.08,1080,27.2,880,1.63,193,Natural,10.7,-26,1.030194785,1.414137362,4.78,209.2,0.679427897,0.350766889
1381,AR,Schulze,1998,Aust J of Plant Phys,Eucalyptus tectifica ,Myrtaceae,N,Ev. Ang.,A,-12.68,132.38,1430,27.7,887,1.17,82,Natural,13.4,-26.9,1.126780577,1.42975228,5.91,169.2,0.771587481,0.355193096
1383,AO,Schulze,1998,Aust J of Plant Phys,Eucalyptus tectifica ,Myrtaceae,N,Ev. Ang.,B,-16.12,130.92,741,27.4,644,2.35,159,Natural,11,-25.9,1.039810554,1.413858342,3.786666667,264.1,0.578257077,0.461553477
1384,AO,Schulze,1998,Aust J of Plant Phys,Eucalyptus terminalis ,Myrtaceae,N,Ev. Ang.,B,-16.12,130.92,741,27.4,644,2.35,159,Natural,9,-27,0.954403329,1.430827267,3.866666667,258.6,0.587336735,0.367066595
1385,AN,Schulze,1998,Aust J of Plant Phys,Eucalyptus terminalis ,Myrtaceae,N,Ev. Ang.,B,-17.3,130.75,612,26.5,562,2.83,219,Natural,9.6,-27.1,0.982271233,1.432969291,3.4,294.1,0.531478917,0.450792316
1386,AM,Schulze,1998,Aust J of Plant Phys,Eucalyptus terminalis ,Myrtaceae,N,Ev. Ang.,B,-23.22,129.88,296,23.2,260,3.76,511,Natural,11.1,-26.3,1.044409087,1.419404963,3.076666667,325,0.488080446,0.55632864
1387,AL,Schulze,1998,Aust J of Plant Phys,Eucalyptus terminalis ,Myrtaceae,N,Ev. Ang.,B,-23.37,129.37,283,23.3,267,3.94,491,Natural,11.7,-26.6,1.069298012,1.424881637,3.26,306.7,0.5132176,0.556080412
1389,AK,Schulze,1998,Aust J of Plant Phys,Eucalyptus terminalis ,Myrtaceae,N,Ev. Ang.,B,-25.03,128.3,248,22.3,262,4.47,591,Natural,11.1,-26,1.044016829,1.414416203,3.22,310.6,0.507855872,0.536160957
1390,AJ,Schulze,1998,Aust J of Plant Phys,Eucalyptus terminalis ,Myrtaceae,N,Ev. Ang.,B,-25.07,129.57,299,21.1,270,4.82,446,Natural,7.2,-26.7,0.854913022,1.426511261,2.55,392.2,0.40654018,0.448372842
1391,AI,Schulze,1998,Aust J of Plant Phys,Eucalyptus terminalis ,Myrtaceae,N,Ev. Ang.,B,-25.13,128.55,258,21.9,273,4.31,599,Natural,10.2,-26.5,1.00703617,1.423791813,3.07,325.7,0.487138375,0.519897794
1392,AH,Schulze,1998,Aust J of Plant Phys,Eucalyptus terminalis ,Myrtaceae,N,Ev. Ang.,B,-25.3,130.68,321,20.8,262,4.47,580,Natural,10.7,-25.7,1.029870564,1.410270964,2.996,333.8,0.476541809,0.553328755
1394,AR,Schulze,1998,Aust J of Plant Phys,Eucalyptus tetradonta ,Myrtaceae,N,Ev. Ang.,A,-12.68,132.38,1430,27.7,887,1.17,82,Natural,8.8,-27,0.944482672,1.431363764,4.6,217.4,0.662757832,0.28172484
1395,AP,Schulze,1998,Aust J of Plant Phys,Eucalyptus tetrodonta ,Myrtaceae,N,Ev. Ang.,A,-14.3,132.08,1080,27.2,880,1.63,193,Natural,9.2,-27,0.965319316,1.43055877,3.935,254.1,0.594944737,0.37037458
1398,AL,Schulze,1998,Aust J of Plant Phys,Grevillea juncifolia ,Proteaceae,N,Ev. Ang.,B,-23.37,129.37,283,23.3,267,3.94,491,Natural,10.1,-23.4,1.002166062,1.369215857,1.07,934.6,0.029383778,0.972782284
1399,AI,Schulze,1998,Aust J of Plant Phys,Grevillea juncifolia ,Proteaceae,N,Ev. Ang.,B,-25.13,128.55,258,21.9,273,4.31,599,Natural,8.1,-23,0.90579588,1.361727836,1.15,869.6,0.06069784,0.84509804
1400,AP,Schulze,1998,Aust J of Plant Phys,Grevillea pryamidalis ,Proteaceae,N,Ev. Ang.,A,-14.3,132.08,1080,27.2,880,1.63,193,Natural,5.6,-25.3,0.746634199,1.403120521,0.13,7692.3,-0.886056648,1.632690847
1401,AO,Schulze,1998,Aust J of Plant Phys,Hakea aborescens ,Proteaceae,N,Ev. Ang.,B,-16.12,130.92,741,27.4,644,2.35,159,Natural,5.7,-26.5,0.752816431,1.423245874,2.49,401.6,0.396199347,0.356617084
1402,AM,Schulze,1998,Aust J of Plant Phys,Hakea divaricata ,Proteaceae,N,Ev. Ang.,B,-23.22,129.88,296,23.2,260,3.76,511,Natural,5.8,-24.8,0.761927838,1.394451681,0.89,1123.6,-0.050609993,0.812537832
1403,AL,Schulze,1998,Aust J of Plant Phys,Hakea divaricata ,Proteaceae,N,Ev. Ang.,B,-23.37,129.37,283,23.3,267,3.94,491,Natural,7.6,-27,0.877946952,1.431363764,0.85,1176.5,-0.070581074,0.948528026
1404,AN,Schulze,1998,Aust J of Plant Phys,Hakea leucoptera ,Proteaceae,N,Ev. Ang.,B,-17.3,130.75,612,26.5,562,2.83,219,Natural,5.3,-26.8,0.727541257,1.428134794,0.68,1470.6,-0.167491087,0.895032344
1406,AR,Schulze,1998,Aust J of Plant Phys,Livistona humilis ,Arecaceae,N,Ev. Ang.,A,-12.68,132.38,1430,27.7,887,1.17,82,Natural,11.3,-29.3,1.053078443,1.46686762,4.2,238.1,0.62324929,0.429829153
1409,AO,Schulze,1998,Aust J of Plant Phys,Melaleuca ,Myrtaceae,N,Ev. Ang.,B,-16.12,130.92,741,27.4,644,2.35,159,Natural,10.2,-27.4,1.010299957,1.437750563,1.65,606.1,0.217483944,0.792816012
1411,AP,Schulze,1998,Aust J of Plant Phys,Petalostigma quadriloculare ,Euphorbiaceae,N,Ev. Ang.,A,-14.3,132.08,1080,27.2,880,1.63,193,Natural,6.9,-29.8,0.837588438,1.474216264,4.8,208.3,0.681241237,0.156347201
1412,AN,Schulze,1998,Aust J of Plant Phys,Terminalia arostrata ,Combretaceae,N,Ev. Ang.,B,-17.3,130.75,612,26.5,562,2.83,219,Natural,10.7,-27.6,1.028571253,1.440909082,4.94,202.4,0.693726949,0.334844304
1413,AN,Schulze,1998,Aust J of Plant Phys,Terminalia canescens ,Combretaceae,N,Ev. Ang.,B,-17.3,130.75,612,26.5,562,2.83,219,Natural,9.6,-27.8,0.981365509,1.444044796,5.21,191.9,0.716837723,0.264527786
1414,AN,Schulze,1998,Aust J of Plant Phys,Ventilago viminalis ,Rhamnaceae,N,Dec. Ang.,B,-17.3,130.75,612,26.5,562,2.83,219,Natural,15,-27.1,1.176380692,1.432969291,2.08,480.8,0.318063335,0.858317357
1462,AU,Song,2012,Plant Ecology,Trifolium pratense,Fabaceae,F,Forb,B,31.4,109.28,1166,14.2,952,0.82,815,Natural,48.8,-32.2,1.68849991,1.508395033,15.625,64,1.193820026,0.494679884
1463,AV,Song,2012,Plant Ecology,Trifolium pratense,Fabaceae,F,Forb,B,31.42,109.2,1286,11.1,952,0.75,1306,Natural,54,-33.4,1.732771592,1.523681448,17.00680272,58.8,1.230622674,0.502148919
1464,AX,Song,2012,Plant Ecology,Trifolium pratense,Fabaceae,F,Forb,B,31.53,109.07,1358,8.5,857,0.69,1759,Natural,54.2,-32.3,1.733839001,1.509121841,12.34567901,81,1.091514981,0.64232402
1465,AY,Song,2012,Plant Ecology,Trifolium pratense,Fabaceae,F,Forb,B,31.55,109.02,1386,7.3,857,0.68,1890,Natural,55.3,-32.6,1.742670154,1.513457328,15.38461538,65,1.187086643,0.55558351
1466,AW,Song,2012,Plant Ecology,Trifolium pratense,Fabaceae,F,Forb,B,31.5,109.08,1228,13,952,0.78,1965,Natural,62.3,-32.2,1.794606538,1.508031173,18.51851852,54,1.26760624,0.527000298
1467,BB,Song,2012,Plant Ecology,Trifolium pratense,Fabaceae,F,Forb,B,31.63,108.93,1374,7.2,963,0.7,2054,Natural,53.6,-32.7,1.72943209,1.514468058,13.88888889,72,1.142667504,0.586764587
1468,AY,Song,2012,Plant Ecology,Trifolium pratense,Fabaceae,F,Forb,B,31.55,109,1387,7.3,857,0.68,2078,Natural,47.4,-31.9,1.675420864,1.503313923,13.15789474,76,1.119186408,0.556234456
1469,AZ,Song,2012,Plant Ecology,Trifolium pratense,Fabaceae,F,Forb,B,31.57,109,1387,7.3,857,0.68,2300,Natural,51.9,-31.6,1.714899502,1.499467131,12.82051282,78,1.107905397,0.606994105
1470,BA,Song,2012,Plant Ecology,Trifolium pratense,Fabaceae,F,Forb,B,31.58,109,1387,7.3,857,0.68,2400,Natural,49.7,-31.8,1.696234035,1.502741119,12.04819277,83,1.080921908,0.615312127
1471,BA,Song,2012,Plant Ecology,Trifolium pratense,Fabaceae,F,Forb,B,31.58,109,1387,7.3,857,0.68,2483,Natural,55.7,-32.1,1.745558807,1.505882233,14.08450704,71,1.148741651,0.596817156
1435,AU,Song,2012,Plant Ecology,Aster tataricus,Asteraceae,N,Forb,B,31.4,109.22,1180,14,952,0.81,1108,Natural,34.7,-33.8,1.540252841,1.529045171,20.40816327,49,1.30980392,0.230448921
1436,AV,Song,2012,Plant Ecology,Aster tataricus,Asteraceae,N,Forb,B,31.42,109.2,1286,11.1,952,0.75,1306,Natural,24.1,-33.7,1.381436333,1.526985069,16.94915254,59,1.229147988,0.152288344
1437,AV,Song,2012,Plant Ecology,Aster tataricus,Asteraceae,N,Forb,B,31.42,109.2,1286,11.1,952,0.75,1484,Natural,26.8,-32.4,1.428224813,1.510679031,13.88888889,72,1.142667504,0.285557309
1438,AW,Song,2012,Plant Ecology,Aster tataricus,Asteraceae,N,Forb,B,31.5,109.08,1228,13,952,0.78,1965,Natural,35.4,-32.9,1.548814479,1.517195898,15.38461538,65,1.187086643,0.361727836
1439,BB,Song,2012,Plant Ecology,Aster tataricus,Asteraceae,N,Forb,B,31.63,108.93,1374,7.2,963,0.7,2054,Natural,23.2,-33.4,1.366018295,1.523356207,7.874015748,127,0.896196279,0.469822016
1440,AZ,Song,2012,Plant Ecology,Aster tataricus,Asteraceae,N,Forb,B,31.57,109,1387,7.3,857,0.68,2300,Natural,21.6,-31.7,1.334270929,1.501333179,11.36363636,88,1.055517328,0.278753601
1441,BA,Song,2012,Plant Ecology,Aster tataricus,Asteraceae,N,Forb,B,31.58,109,1387,7.3,857,0.68,2400,Natural,34.8,-31.1,1.54201787,1.492620722,10.98901099,91,1.040958608,0.501059262
1442,AV,Song,2012,Plant Ecology,Geranium wilfordii,Geraniaceae,N,Forb,B,31.42,109.2,1286,11.1,952,0.75,1236,Natural,13.5,-31.9,1.13076828,1.503926804,9.009009009,111,0.954677021,0.176091259
1443,AY,Song,2012,Plant Ecology,Geranium wilfordii,Geraniaceae,N,Forb,B,31.55,109,1387,7.3,857,0.68,2078,Natural,18.2,-31.3,1.259305661,1.495544338,7.633587786,131,0.882728704,0.376576957
1444,BA,Song,2012,Plant Ecology,Geranium wilfordii,Geraniaceae,N,Forb,B,31.58,109,1387,7.3,857,0.68,2483,Natural,18.7,-31.2,1.272015359,1.493597449,6.802721088,147,0.832682665,0.439332694
1445,BA,Song,2012,Plant Ecology,Geranium wilfordii,Geraniaceae,N,Forb,B,31.58,109,1387,7.3,857,0.68,2499,Natural,19.6,-30.9,1.292196583,1.489536629,6.711409396,149,0.826813732,0.465382851
1446,BA,Song,2012,Plant Ecology,Geranium wilfordii,Geraniaceae,N,Forb,B,31.58,109,1387,7.3,857,0.68,2542,Natural,18.7,-31.1,1.27174062,1.492341253,7.246376812,138,0.860120914,0.411619706
1447,BB,Song,2012,Plant Ecology,Leontopodium leontopodioides,Asteraceae,N,Forb,B,31.63,108.93,1374,7.2,963,0.7,2054,Natural,19.7,-33.6,1.293541974,1.526339277,8.547008547,117,0.931814138,0.361727836
1448,AY,Song,2012,Plant Ecology,Leontopodium leontopodioides,Asteraceae,N,Forb,B,31.55,109,1387,7.3,857,0.68,2078,Natural,21.7,-34.1,1.336194413,1.532499586,12.04819277,83,1.080921908,0.255272505
1449,AZ,Song,2012,Plant Ecology,Leontopodium leontopodioides,Asteraceae,N,Forb,B,31.57,109,1387,7.3,857,0.68,2300,Natural,21.3,-32.6,1.328613517,1.5132176,8.196721311,122,0.913640169,0.414973348
1450,BA,Song,2012,Plant Ecology,Leontopodium leontopodioides,Asteraceae,N,Forb,B,31.58,109,1387,7.3,857,0.68,2400,Natural,19.8,-33.1,1.297099702,1.519171464,9.009009009,111,0.954677021,0.342422681
1451,BA,Song,2012,Plant Ecology,Leontopodium leontopodioides,Asteraceae,N,Forb,B,31.58,109,1387,7.3,857,0.68,2483,Natural,18.8,-33.2,1.273001272,1.521399628,7.8125,128,0.89279003,0.380211242
1452,BA,Song,2012,Plant Ecology,Leontopodium leontopodioides,Asteraceae,N,Forb,B,31.58,109,1387,7.3,857,0.68,2539,Natural,18.8,-32.6,1.273001272,1.5132176,7.8125,128,0.89279003,0.380211242
1454,AX,Song,2012,Plant Ecology,Spiraea prunifolia,Rosaceae,N,Dec. Ang.,B,31.53,109.07,1358,8.5,857,0.69,1759,Natural,30.8,-33.9,1.488116639,1.530199698,12.82051282,78,1.107905397,0.380211242
1455,AY,Song,2012,Plant Ecology,Spiraea prunifolia,Rosaceae,N,Dec. Ang.,B,31.55,109.02,1386,7.3,857,0.68,1890,Natural,24,-32.8,1.380211242,1.515741417,10,100,1,0.380211242
1456,AW,Song,2012,Plant Ecology,Spiraea prunifolia,Rosaceae,N,Dec. Ang.,B,31.5,109.08,1228,13,952,0.78,1965,Natural,20.4,-33.2,1.309630167,1.520614522,10,100,1,0.309630167
1457,BB,Song,2012,Plant Ecology,Spiraea prunifolia,Rosaceae,N,Dec. Ang.,B,31.63,108.93,1374,7.2,963,0.7,2054,Natural,17.3,-31.6,1.237836855,1.499961866,6.944444444,144,0.841637508,0.396199347
1458,AY,Song,2012,Plant Ecology,Spiraea prunifolia,Rosaceae,N,Dec. Ang.,B,31.55,109,1387,7.3,857,0.68,2078,Natural,15.6,-31.6,1.192882449,1.499687083,8.695652174,115,0.93930216,0.25358029
1459,BA,Song,2012,Plant Ecology,Spiraea prunifolia,Rosaceae,N,Dec. Ang.,B,31.58,109,1387,7.3,857,0.68,2400,Natural,28.8,-33.8,1.459209665,1.528273777,7.575757576,132,0.879426069,0.579783597
1460,BA,Song,2012,Plant Ecology,Spiraea prunifolia,Rosaceae,N,Dec. Ang.,B,31.58,109,1387,7.3,857,0.68,2400,Natural,38.8,-30,1.588557521,1.477121255,10.20408163,98,1.008773924,0.579783597
1461,BA,Song,2012,Plant Ecology,Spiraea prunifolia,Rosaceae,N,Dec. Ang.,B,31.58,109,1387,7.3,857,0.68,2483,Natural,17.3,-30.2,1.237196441,1.47957531,7.194244604,139,0.8569852,0.380211242
1495,BD,Sumbele,2012,AOB plants,Acacia obliguinervia,Mimosaceae,F,Ev. Ang.,C,-36.28,148.97,628,10.3,682,1.36,1400,Natural,25.1,-29.4,1.399534666,1.468110517,4.47331321,223.5,0.650629307,0.748905359
1500,BE,Sumbele,2012,AOB plants,Bituminaria bituminosa,Fabaceae,F,Forb,C,38.1,23.77,465,17.1,364,2.04,299,Natural,37.1,-29.6,1.56970805,1.47172865,14.15044496,70.7,1.150770096,0.418937953
1502,BE,Sumbele,2012,AOB plants,Cercis siliquastrum,Fabaceae,F,Ev. Ang.,C,38.1,23.77,465,17.1,364,2.04,299,Natural,31.3,-27.2,1.495825658,1.434740311,13.60207646,73.5,1.133605212,0.362220446
1508,BD,Sumbele,2012,AOB plants,Daviesia mimosoides,Fabaceae,F,Ev. Ang.,C,-36.28,148.97,628,10.3,682,1.36,1400,Natural,20.3,-27.2,1.307083007,1.434993389,3.934446234,254.2,0.594883615,0.712199393
1516,BE,Sumbele,2012,AOB plants,Lotus ornithopodoides,Fabaceae,F,Forb,C,38.1,23.77,465,17.1,364,2.04,299,Natural,22.7,-28.8,1.356819764,1.460069028,21.5031075,46.5,1.332501226,0.024318538
1527,BC,Sumbele,2012,AOB plants,Platylobium formosum,Fabaceae,F,Ev. Ang.,C,-37.85,145.73,1318,12.7,599,0.63,400,Natural,17.8,-30.2,1.250588622,1.480045431,8.515809801,117.4,0.930225953,0.320362669
1537,BE,Sumbele,2012,AOB plants,Securigera securidaca,Fabaceae,F,Forb,C,38.1,23.77,465,17.1,364,2.04,299,Natural,28.5,-29.8,1.455603192,1.473800379,23.86422136,41.9,1.377747269,0.077855923
1496,BE,Sumbele,2012,AOB plants,Anchusa sp.,Boraginaceae,N,Forb,C,38.1,23.77,465,17.1,364,2.04,299,Natural,12.6,-29.5,1.10062669,1.469816203,11.03534236,90.6,1.042785811,0.057840878
1497,BE,Sumbele,2012,AOB plants,Arbutus unedo,Ericaceae,N,Ev. Ang.,C,38.1,23.77,465,17.1,364,2.04,299,Natural,11,-27.7,1.041529869,1.442542382,8.634469204,115.8,0.936235645,0.105294224
1498,BE,Sumbele,2012,AOB plants,Ballota acetabulosa,Lamiaceae,N,Forb,C,38.1,23.77,465,17.1,364,2.04,299,Natural,20.4,-30.5,1.31032802,1.484949987,20.02879448,49.9,1.30165481,0.00867321
1503,BE,Sumbele,2012,AOB plants,Cionura erecta,Apocynaceae,N,Forb,C,38.1,23.77,465,17.1,364,2.04,299,Natural,23.8,-26.7,1.377217751,1.427063409,17.76472588,56.3,1.24955851,0.12765924
1505,BC,Sumbele,2012,AOB plants,Correa lawrenciana,Rutaceae,N,Ev. Ang.,C,-37.85,145.73,1318,12.7,599,0.63,400,Natural,19.5,-29.8,1.290394667,1.474235775,12.48869133,80.1,1.096516932,0.193877735
1506,BC,Sumbele,2012,AOB plants,Correa reflexa,Rutaceae,N,Ev. Ang.,C,-37.85,145.73,1318,12.7,599,0.63,400,Natural,14,-28,1.14505115,1.44722744,9.816537214,101.9,0.991958317,0.153092833
1509,BE,Sumbele,2012,AOB plants,Echinops viscosus,Asteraceae,N,Forb,C,38.1,23.77,465,17.1,364,2.04,299,Natural,11.7,-30.6,1.068491794,1.486171582,9.431263668,106,0.974569887,0.093921908
1511,BD,Sumbele,2012,AOB plants,Eucalyptus pauciflora,Myrtaceae,N,Ev. Ang.,C,-36.28,148.97,628,10.3,682,1.36,1400,Natural,20,-29.1,1.300775215,1.463976738,3.72196111,268.7,0.570771831,0.730003384
1512,BC,Sumbele,2012,AOB plants,Eucalyptus radiata,Myrtaceae,N,Ev. Ang.,C,-37.85,145.73,1318,12.7,599,0.63,400,Natural,16.6,-31,1.22081899,1.490707236,8.798731951,113.7,0.944420087,0.276398903
1513,BC,Sumbele,2012,AOB plants,Eucalyptus sieberi,Myrtaceae,N,Ev. Ang.,C,-37.85,145.73,1318,12.7,599,0.63,400,Natural,12.7,-28.7,1.10453368,1.45792034,4.827610672,207.1,0.683732239,0.420801441
1517,BE,Sumbele,2012,AOB plants,Malva sylvestris,Malvaceae,N,Forb,C,38.1,23.77,465,17.1,364,2.04,299,Natural,43.1,-29.5,1.634547251,1.470250844,20.61543112,48.5,1.314192421,0.32035483
1518,BE,Sumbele,2012,AOB plants,Olea europaea,Oleaceae,N,Ev. Ang.,C,38.1,23.77,465,17.1,364,2.04,299,Natural,12,-26.3,1.080932203,1.420313367,13.22792562,75.6,1.121491744,-0.040559541
1519,BC,Sumbele,2012,AOB plants,Olearia lirata,Asteraceae,N,Ev. Ang.,C,-37.85,145.73,1318,12.7,599,0.63,400,Natural,22.6,-32,1.353713194,1.505731715,17.63297013,56.7,1.246325472,0.107387722
1520,BD,Sumbele,2012,AOB plants,Olearia megalophylla,Asteraceae,N,Ev. Ang.,C,-36.28,148.97,628,10.3,682,1.36,1400,Natural,10.2,-28.1,1.008541582,1.448891013,4.049018867,247,0.6073498,0.401191781
1522,BE,Sumbele,2012,AOB plants,Phlomis fruticosa,Lamiaceae ,N,Ev. Ang.,C,38.1,23.77,465,17.1,364,2.04,299,Natural,17.4,-28.6,1.240424593,1.456211135,13.4475573,74.4,1.128643404,0.111781189
1523,BE,Sumbele,2012,AOB plants,Pistacia lentiscus,Anacardiaceae,N,Ev. Ang.,C,38.1,23.77,465,17.1,364,2.04,299,Natural,13.4,-28.4,1.126621958,1.452670274,10.40518762,96.1,1.017249916,0.109372042
1525,BE,Sumbele,2012,AOB plants,Platanus orientalis,Platanaceae,N,Dec. Ang.,C,38.1,23.77,465,17.1,364,2.04,299,Natural,14.9,-28.8,1.174364085,1.459867951,16.94155611,59,1.228953299,-0.054589213
1528,BC,Sumbele,2012,AOB plants,Pomaderris aspera,Rhamnaceae,N,Ev. Ang.,C,-37.85,145.73,1318,12.7,599,0.63,400,Natural,22.9,-28.7,1.359845693,1.457522296,10.81641013,92.5,1.034083146,0.325762547
1529,BE,Sumbele,2012,AOB plants,Pyrus amygdaliformis,Rosaceae,N,Dec. Ang.,C,38.1,23.77,465,17.1,364,2.04,299,Natural,14.6,-28.7,1.162911512,1.457387015,19.72420554,50.7,1.29499952,-0.132088007
1534,BE,Sumbele,2012,AOB plants,Rubus fruticosus,Rubiaceae ,N,Dec. Ang.,C,38.1,23.77,465,17.1,364,2.04,299,Natural,12.1,-28.9,1.081807315,1.460887029,17.79635179,56.2,1.250330982,-0.168523667
1535,BC,Sumbele,2012,AOB plants,Rubus sp.,Rubiaceae ,N,Ev. Ang.,C,-37.85,145.73,1318,12.7,599,0.63,400,Natural,29.9,-29.9,1.474970241,1.475397806,18.31817648,54.6,1.262882239,0.212088002
1539,BE,Sumbele,2012,AOB plants,Styrax officinalis,Styracaceae,N,Dec. Ang.,C,38.1,23.77,465,17.1,364,2.04,299,Natural,12.2,-28.4,1.087884217,1.454043679,17.54760245,57,1.244217787,-0.15633357
1540,BD,Sumbele,2012,AOB plants,Tasmannia xerophila,Winteraceae,N,Ev. Ang.,C,-36.28,148.97,628,10.3,682,1.36,1400,Natural,17.2,-28.3,1.234967139,1.451865187,5.637891072,177.4,0.751116681,0.483850459
1541,BE,Sumbele,2012,AOB plants,Thapsia garganica,Apiaceae,N,Forb,C,38.1,23.77,465,17.1,364,2.04,299,Natural,12.2,-28.9,1.087884217,1.461006614,17.54306524,57,1.244105478,-0.156221261
1543,BD,Sumbele,2012,AOB plants,Veronica derwentiana,Plantaginaceae,N,Forb,C,-36.28,148.97,628,10.3,682,1.36,1400,Natural,16.7,-28.3,1.223413008,1.451288874,6.803523849,147,0.832733911,0.390679097
1560,BF,Tanaka,2009,Forest Ecology and Management,Robinia pseudoacacia,Fabaceae,F,Ev. Ang.,D,37.87,110.18,470,8.6,481,1.58,1022,Cultivated,47.5,-25,1.67669361,1.397940009,31.25,32,1.494850022,0.181843588
1559,BF,Tanaka,2009,Forest Ecology and Management,Populus hopeinsis,Salicaceae,N,Dec. Ang.,D,37.87,110.18,470,8.6,481,1.58,1022,Cultivated,15.5,-27,1.189056236,1.431363764,12.98701299,77,1.113509275,0.075546961
1561,BF,Tanaka,2009,Forest Ecology and Management,Ulmus pumila,Ulmaceae,N,Dec. Ang.,D,37.87,110.18,470,8.6,481,1.58,1022,Cultivated,38.7,-25.5,1.587707491,1.40654018,15.47987616,64.6,1.189767482,0.397940009
1562,BF,Tanaka,2009,Forest Ecology and Management,Zizyphus jujuba ,Rhamnaceae,N,Dec. Ang.,D,37.87,110.18,470,8.6,481,1.58,1022,Cultivated,34.2,-25.4,1.534533756,1.404833717,16,62.5,1.204119983,0.330413773
1646,BH,von Caemmerer,2001,Aus J Plant Phys,Trifolium repens,Fabaceae,F,Forb,C,-40.23,175.27,872,13.6,666,0.77,37,Natural,43.4,-28.4,1.637813834,1.452553063,22.02643172,45.4,1.342944147,0.294869687
1645,BH,von Caemmerer,2001,Aus J Plant Phys,Lolium Perenne,Poaceae,N,Graminoid,C,-40.23,175.27,872,13.6,666,0.77,37,Natural,22.9,-29.7,1.358904643,1.472463897,29.49852507,33.9,1.469800302,-0.110895659
1656,BI,Wand,1999,Plant Ecology,Schotia afra,Fabaceae,F,Ev. Ang.,B,-28.17,17,68,17.1,109,14.06,690,Natural,18.7,-23.1,1.271841607,1.36361198,5.714285714,175,0.756961951,0.514879655
1652,BI,Wand,1999,Plant Ecology,Boscia albatrunca,Capparaceae,N,Ev. Ang.,B,-28.17,17,68,17.1,109,14.06,690,Natural,20.8,-27.4,1.318063335,1.437750563,2.044989775,489,0.310691141,1.007372194
1653,BI,Wand,1999,Plant Ecology,Euclea pseudebenus,Ebenaceae,N,Ev. Ang.,B,-28.17,17,68,17.1,109,14.06,690,Natural,10.2,-25.3,1.008600172,1.403120521,3.460207612,289,0.539102157,0.469498015
1654,BI,Wand,1999,Plant Ecology,Ozoroa concolor,Anacardiaceae,N,Ev. Ang.,B,-28.17,17,68,17.1,109,14.06,690,Natural,16.9,-22.4,1.227886705,1.350248018,6.666666667,150,0.823908741,0.403977964
1655,BI,Wand,1999,Plant Ecology,Rhus populifolia,Anacardiaceae,N,Ev. Ang.,B,-28.17,17,68,17.1,109,14.06,690,Natural,20.9,-24.1,1.320146286,1.382017043,6.622516556,151,0.821023053,0.499123233
1657,BI,Wand,1999,Plant Ecology,Zygophyllum prismatocarpum,Zygophyllaceae,N,Ev. Ang.,B,-28.17,17,68,17.1,109,14.06,690,Natural,10.2,-23.8,1.008600172,1.376576957,2.747252747,364,0.438898616,0.569701555
