Site,Date_Asat,Date_Rd,Species,Code,Fixer,Nonfixer,Meas,Treatment,Rep,T30_air,Tair,Tleaf,Tleaf_cor,A_area,A_mass,Rd_area,Rd_mass,E,g,WUE (A/g),%N_mass,gN_m-2,LMA,d13C,Leaf_bio_g_end,AGB_est_kg_harv,NLIM,NSAT,NLIM_Alt1,NLSAT_Alt1,NLIM_Alt2,NSAT_Alt2,WL/DIS/DAM,Use_biomass_end
W,7/16/2019,NA,CAEQ,CAEQ,1,0,1,HN,1,23.4,26.59666667,29.53,31.01994667,14.22148646,47.09101478,NA,NA,0.00431,0.175204299,81.17087599,1.62,4.88,302,-29.32,213.277991,0.624219195,0,1,0,1,0,1,0,1
W,7/16/2019,NA,CAEQ,CAEQ,1,0,1,HN,2,23.4,26.97333333,30.35333333,32.19337733,13.71933409,47.53754015,NA,NA,0.00402,0.154049637,89.05788011,1.82,5.25,288.6,-28.52,276.317802,0.776348028,0,1,0,1,0,1,0,1
W,7/16/2019,NA,CAEQ,CAEQ,1,0,1,HN,3,23.4,26.64333333,29.71333333,31.31039933,9.233581944,28.29783005,NA,NA,0.0026,0.105777846,87.29221011,2.06,6.72,326.3,-29.05,3685.29005,15.57481436,0,1,0,1,0,1,0,1
W,7/16/2019,NA,CAEQ,CAEQ,1,0,1,HN,4,23.4,26.89,28.71666667,29.339208,9.199571158,39.04741578,NA,NA,0.00156,0.09687326,94.96502107,1.95,4.6,235.6,-30.37,2986.141357,11.61924031,0,1,0,1,0,1,0,1
W,7/17/2019,NA,CAEQ,CAEQ,1,0,1,HN,5,23.4,25.05666667,26.11333333,26.13234867,17.97703127,60.28514847,NA,NA,0.00336,0.273475574,65.73541847,1.67,4.98,298.2,-30.24,2654.835711,10.93703836,0,1,0,1,0,1,0,1
W,7/17/2019,NA,CAEQ,CAEQ,1,0,1,HN,6,23.4,26.36,27.63666667,27.828118,16.36698965,38.22276891,NA,NA,0.00392,0.25399187,64.43902971,1.13,4.83,428.2,-30.26,1149.57524,4.559259204,0,1,0,1,0,1,0,1
W,7/17/2019,NA,CAEQ,CAEQ,1,0,1,HN,7,23.4,26.46666667,27.75333333,27.95262267,16.86327254,53.29732157,NA,NA,0.00373,0.258108846,65.33395812,1.32,4.16,316.4,-30.72,1969.811449,6.983924372,0,1,0,1,0,1,0,1
W,7/17/2019,NA,CAEQ,CAEQ,1,0,1,HN,8,23.4,26.91,28.81,29.49002,19.2775621,58.84481715,NA,NA,0.00391,0.247837469,77.78308176,1.77,5.79,327.6,-28.58,3579.881282,14.82298289,0,1,0,1,0,1,1,1
W,7/20/2019,NA,CAEQ,CAEQ,1,0,1,HN,9,23.4,26.87,28.22,28.46893,16.03435831,86.90709113,NA,NA,0.00493,0.269342238,59.53154039,2.27,4.18,184.5,-31.76,2115.534958,8.60031422,0,1,0,1,0,1,0,0
W,7/16/2019,NA,CAEQ,CAEQ,1,0,1,LN,1,23.4,26.45666667,28.94666667,30.08912867,18.21665645,71.88893627,NA,NA,0.00485,0.22871874,79.64654094,1.95,4.93,253.4,-29.83,2499.148281,10.9760778,0,1,0,1,0,1,0,1
W,7/16/2019,NA,CAEQ,CAEQ,1,0,1,LN,2,23.4,27.09,31.35333333,33.885734,13.10520298,50.5992393,NA,NA,0.00423,0.137700099,95.17206681,1.66,4.29,259,-30.41,1250.731759,4.487965936,0,1,0,1,0,1,0,1
W,7/16/2019,NA,CAEQ,CAEQ,1,0,1,LN,3,23.4,26.63,29.54333333,31.017604,10.00838383,26.4352452,NA,NA,0.00325,0.140192269,71.39041189,1.52,5.75,378.6,-30.62,2000.239312,7.0925289,0,1,0,1,0,1,0,1
W,7/16/2019,NA,CAEQ,CAEQ,1,0,1,LN,4,23.4,26.53,29.49333333,31.006794,14.58919478,39.74174551,NA,NA,0.00443,0.201004559,72.58141225,1.57,5.75,367.1,-28.81,973.573582,3.700872867,0,1,0,1,0,1,0,1
W,7/17/2019,NA,CAEQ,CAEQ,1,0,1,LN,5,23.4,26.52,27.08,26.709728,13.40185453,50.19421171,NA,NA,0.0067,0.645543734,20.76056791,1.84,4.93,267,-28.71,2603.843337,10.60495887,0,1,0,1,0,1,0,1
W,7/17/2019,NA,CAEQ,CAEQ,1,0,1,LN,6,23.4,26.62333333,27.89666667,28.08550533,21.31471237,68.44801659,NA,NA,0.00528,0.378868378,56.25888455,1.31,4.09,311.4,-29.82,40.037919,0.16015811,0,1,0,1,0,1,0,0
W,7/17/2019,NA,CAEQ,CAEQ,1,0,1,LN,7,23.4,26.60333333,28.08,28.42821133,15.42684128,44.24101312,NA,NA,0.00375,0.239515277,64.40859006,1.33,4.63,348.7,-29.13,2217.012746,9.377988995,0,1,0,1,0,1,0,0
W,7/17/2019,NA,CAEQ,CAEQ,1,0,1,LN,8,23.4,26.91,28.59666667,29.109476,19.17643646,62.07975544,NA,NA,0.00517,0.335157131,57.21625672,1.04,3.23,308.9,-30.74,92.134761,0.295566356,0,1,0,1,0,1,0,0
W,7/20/2019,NA,CAEQ,CAEQ,1,0,1,LN,9,23.4,26.45333333,27.51333333,27.53496133,13.7740518,48.74045221,NA,NA,0.00535,0.317109671,43.43624002,2.03,5.74,282.6,-30.84,1793.798614,6.919478651,0,1,0,1,0,1,0,0
W,7/16/2019,NA,CAEQ,CAEQ,1,0,1,MN,1,23.4,26.53,29.47666667,30.977064,13.28112075,43.60184094,NA,NA,0.00374,0.14972758,88.70189924,1.88,5.72,304.6,-28.22,3179.935931,14.05278269,0,1,0,1,0,1,0,1
W,7/16/2019,NA,CAEQ,CAEQ,1,0,1,MN,2,23.4,27.88,30.71333333,32.1249,12.06035081,47.80162827,NA,NA,0.00368,0.152142115,79.27029813,1.77,4.46,252.3,-29.68,1251.656073,4.947660529,0,1,0,1,0,1,0,1
W,7/16/2019,NA,CAEQ,CAEQ,1,0,1,MN,3,23.4,26.45333333,29.52333333,31.12039933,13.17566648,39.566566,NA,NA,0.00368,0.165105302,79.80159499,1.64,5.45,333,-28.89,1601.869515,6.530864132,0,1,0,1,0,1,0,1
W,7/16/2019,NA,CAEQ,CAEQ,1,0,1,MN,4,23.4,26.48333333,29.48666667,31.03147933,12.90547736,45.3300926,NA,NA,0.00234,0.118437247,108.9646854,1.7,4.84,284.7,-30.28,1223.170934,4.761392709,0,1,0,1,0,1,0,1
W,7/17/2019,NA,CAEQ,CAEQ,1,0,1,MN,5,23.4,25.91333333,26.36666667,25.91278933,15.44705515,37.36588087,NA,NA,0.00312,0.25159772,61.39584718,1.51,6.24,413.4,-28.63,1180.238573,4.28699109,0,1,0,1,0,1,0,1
W,7/17/2019,NA,CAEQ,CAEQ,1,0,1,MN,6,23.4,26.54666667,28.15333333,28.60343867,11.16430724,57.28223313,NA,NA,0.00421,0.270819468,41.22416791,1.56,3.05,194.9,-29.52,524.76509,1.86515025,0,1,0,1,0,1,0,1
W,7/17/2019,NA,CAEQ,CAEQ,1,0,1,MN,7,23.4,26.86,28.41666667,28.827582,22.11219761,83.79006295,NA,NA,0.00505,0.334176577,66.16920256,1.77,4.68,263.9,-30.45,4072.525531,15.28743807,0,1,0,1,0,1,0,1
W,7/17/2019,NA,CAEQ,CAEQ,1,0,1,MN,8,23.4,26.95,28.56333333,29.018664,16.91015749,66.57542319,NA,NA,0.00434,0.293029331,57.70807117,1.44,3.66,254,-30.76,1042.547365,3.693128149,0,1,0,1,0,1,1,1
W,7/20/2019,NA,CAEQ,CAEQ,1,0,1,MN,9,23.4,26.88,28.98,29.81678,9.57736929,46.11155171,NA,NA,0.00304,0.136992687,69.91153686,1.58,3.29,207.7,-31.54,3373.314114,13.81410325,0,1,0,1,0,1,0,0
W,7/17/2019,NA,CAEQ,CAEQ,1,0,1,NP,1,23.4,25.04666667,26.67333333,27.13911467,14.92519197,58.92298449,NA,NA,0.00191,0.137819951,108.2948575,1.93,4.89,253.3,-29.19,815.644121,2.849197081,0,1,0,1,0,1,0,1
W,7/16/2019,NA,CAEQ,CAEQ,1,0,1,NP,2,23.4,26.90666667,30.53666667,32.57266067,15.48022883,57.22820269,NA,NA,0.00373,0.145268795,106.5626573,1.78,4.81,270.5,-30.71,2166.606382,7.302902456,0,1,0,1,0,1,0,0
W,7/16/2019,NA,CAEQ,CAEQ,1,0,1,NP,3,23.4,26.85333333,30.13,31.88905133,18.19639792,45.904132,NA,NA,0.00489,0.199230958,91.33318477,1.42,5.64,396.4,-28.43,1294.12482,4.704556864,0,1,0,1,0,1,0,1
W,7/16/2019,NA,CAEQ,CAEQ,1,0,1,NP,4,23.4,26.41666667,29.29333333,30.73886467,12.12077334,48.81503559,NA,NA,0.00316,0.165979312,73.02580795,2.39,5.94,248.3,-30.18,959.330823,3.844857882,0,1,0,1,0,1,0,1
W,7/17/2019,NA,CAEQ,CAEQ,1,0,1,NP,5,23.4,25.95,26.41,25.961348,15.50242203,49.46529046,NA,NA,0.00306,0.299337787,51.78905803,1.55,4.85,313.4,-30.56,2121.492375,7.133879291,0,1,0,1,0,1,0,1
W,7/17/2019,NA,CAEQ,CAEQ,1,0,1,NP,6,23.4,26.11,27.15333333,27.161898,23.42844663,94.35540326,NA,NA,0.0051,0.338133369,69.28759121,2.02,5.01,248.3,-29.39,3549.894539,13.48635099,0,1,0,1,0,1,0,1
W,7/20/2019,NA,CAEQ,CAEQ,1,0,1,NP,7,23.4,26.7,28.53333333,29.1611,13.84416247,46.73923857,NA,NA,0.00195,0.129513347,106.8937128,1.4,4.14,296.2,-29.92,2196.48675,9.415923956,0,1,0,1,0,1,0,0
W,7/20/2019,NA,CAEQ,CAEQ,1,0,1,NP,8,23.4,26.83333333,28.4,28.81875333,17.53118517,56.01017626,NA,NA,0.00332,0.251114294,69.8135694,1.7,5.33,313,-29.51,3927.721966,16.9886063,0,1,0,1,0,1,0,1
W,7/20/2019,NA,CAEQ,CAEQ,1,0,1,NP,9,23.4,26.45,28.17333333,28.714882,10.75177995,32.21989795,NA,NA,0.00353,0.164655804,65.29851764,1.72,5.73,333.7,-28.75,1148.294024,4.327430295,0,1,0,1,0,1,0,1
W,7/16/2019,NA,GLSE,GLSE,1,0,1,HN,1,23.4,26.37333333,31.04333333,33.89447933,13.44183664,270.4594898,NA,NA,0.00244,0.073314849,183.3439866,3.1,1.54,49.7,-26.95,417.72369,2.268200619,0,1,0,1,0,1,0,1
W,7/16/2019,NA,GLSE,GLSE,1,0,1,HN,2,23.4,27.15333333,33.00333333,36.77936333,13.49619112,297.2729321,NA,NA,0.00269,0.064405445,209.5504683,4.76,2.16,45.4,-27.49,1.3944,0.004678547,0,1,0,1,0,1,0,0
W,7/16/2019,NA,GLSE,GLSE,1,0,1,HN,3,23.4,26.67,30.25333333,32.25275,19.23595993,372.0688575,NA,NA,0.00475,0.182232387,105.5573067,3.53,1.82,51.7,-27.99,26.03974,0.064969151,0,1,0,1,0,1,0,1
W,7/16/2019,NA,GLSE,GLSE,1,0,1,HN,4,23.4,26.88333333,29.46,30.67039133,12.25389934,233.8530408,NA,NA,0.00224,0.114327271,107.1826458,2.98,1.56,52.4,-30.42,12.425788,0.028421489,0,1,0,1,0,1,0,1
W,7/17/2019,NA,GLSE,GLSE,1,0,1,HN,5,23.4,25.1,26.90333333,27.507586,12.8874471,263.5469754,NA,NA,0.00344,0.228900074,56.3016293,2.69,1.31,48.9,-27.91,208.016186,1.570964159,0,1,0,1,0,1,0,1
W,7/17/2019,NA,GLSE,GLSE,1,0,1,HN,6,23.4,26.18666667,27.91,28.45154867,23.91531079,385.7308193,NA,NA,0.00499,0.314880345,75.95047186,3.32,2.06,62,-28.63,533.03849,1.812728838,0,1,0,1,0,1,0,1
W,7/17/2019,NA,GLSE,GLSE,1,0,1,HN,7,23.4,26.55666667,29.09,30.26642667,22.90038364,374.1892751,NA,NA,0.00481,0.249507808,91.78223247,3.54,2.16,61.2,-26.56,168.523936,0.531789061,0,1,0,1,0,1,0,1
W,7/17/2019,NA,GLSE,GLSE,1,0,1,HN,8,23.4,26.89,29.33,30.433272,25.27159746,503.4182761,NA,NA,0.00501,0.290944862,86.86043556,3.61,1.81,50.2,-27.14,74.602563,0.31336931,0,1,0,1,0,1,0,1
W,7/20/2019,NA,GLSE,GLSE,1,0,1,HN,9,23.4,27.09333333,29.7,30.93390533,18.5708296,276.351631,NA,NA,0.00488,0.210634888,88.16597177,2.93,1.97,67.2,-29.21,72.368848,0.354876225,0,1,0,1,0,1,0,0
W,7/16/2019,NA,GLSE,GLSE,1,0,1,LN,1,23.4,26.37,30.49,32.910056,18.69404018,324.5493088,NA,NA,0.00388,0.13144985,142.2142373,3.01,1.73,57.6,-27.42,303.686824,1.196844965,0,1,0,1,0,1,0,1
W,7/16/2019,NA,GLSE,GLSE,1,0,1,LN,2,23.4,27.13666667,30.67,32.63022667,24.00933743,495.0378852,NA,NA,0.0068,0.264419194,90.80028207,3.52,1.71,48.5,-28.28,1.77317,0.007349559,0,1,0,1,0,1,0,0
W,7/16/2019,NA,GLSE,GLSE,1,0,1,LN,3,23.4,26.65,31.47333333,34.444662,14.0706883,213.192247,NA,NA,0.00229,0.070174188,200.5108814,2.12,1.4,66,-27.12,24.111908,0.0139149,0,1,0,1,0,1,0,0
W,7/16/2019,NA,GLSE,GLSE,1,0,1,LN,4,23.4,26.56333333,30.05,31.97364933,21.12004902,482.1929,NA,NA,0.00529,0.22470066,93.99193121,2.72,1.19,43.8,-28.7,42.670108,0.169451512,0,1,0,1,0,1,0,1
W,7/17/2019,NA,GLSE,GLSE,1,0,1,LN,6,23.4,26.51333333,29.10333333,30.32417533,21.79054421,311.2934887,NA,NA,0.00387,0.200633125,108.6089059,3.3,2.31,70,-27.02,241.37548,0.748190065,0,1,0,1,0,1,0,1
W,7/17/2019,NA,GLSE,GLSE,1,0,1,LN,7,23.4,26.72,29.31333333,30.536788,16.75016656,287.3098895,NA,NA,0.00327,0.159911612,104.7464054,2.63,1.53,58.3,-28.03,7.152776,0.009667591,0,1,0,1,0,1,0,0
W,7/17/2019,NA,GLSE,GLSE,1,0,1,LN,8,23.4,26.89333333,28.76666667,29.42578533,16.58456612,309.9918902,NA,NA,0.00527,0.346052834,47.92495395,2.37,1.27,53.5,-29.98,4.633349,0.016501698,0,1,0,1,0,1,0,0
W,7/20/2019,NA,GLSE,GLSE,1,0,1,LN,9,23.4,26.42333333,27.80666667,28.08172333,20.26366456,422.1596783,NA,NA,0.00615,0.355241667,57.04191376,3.87,1.86,48,-28.53,1261.03265,18.22123466,0,1,0,1,0,1,0,0
W,7/16/2019,NA,GLSE,GLSE,1,0,1,MN,1,23.4,26.51333333,30,31.92364933,21.57136503,355.3766891,NA,NA,0.00555,0.21286489,101.338295,2.81,1.71,60.7,-28.9,58.976283,0.405400598,0,1,0,1,0,1,0,1
W,7/16/2019,NA,GLSE,GLSE,1,0,1,MN,2,23.4,27.53666667,31.61,33.99347867,8.089044328,127.1862316,NA,NA,0.00176,0.055635914,145.3924955,2.33,1.48,63.6,-28.82,0.787722,0.006528416,0,1,0,1,0,1,0,0
W,7/16/2019,NA,GLSE,GLSE,1,0,1,MN,3,23.4,26.47,31.01,33.759252,17.23322439,289.6340234,NA,NA,0.00331,0.109200164,157.8131737,3.43,2.04,59.5,-27.35,282.116333,0.708988481,0,1,0,1,0,1,0,1
W,7/16/2019,NA,GLSE,GLSE,1,0,1,MN,4,23.4,26.37,30.15666667,32.315456,22.56008549,435.5228859,NA,NA,0.00344,0.14938832,151.0163946,2.7,1.4,51.8,-28.95,4426.822285,27.66080859,0,1,0,1,0,1,0,1
W,7/17/2019,NA,GLSE,GLSE,1,0,1,MN,5,23.4,26.19666667,28.12333333,28.82425467,6.890869176,125.0611466,NA,NA,0.0033,0.199583373,34.52626877,2.93,1.61,55.1,-29.64,2.316402,0.003786822,0,1,0,1,0,1,0,0
W,7/17/2019,NA,GLSE,GLSE,1,0,1,MN,6,23.4,26.48333333,28.25666667,28.83740533,21.77284579,444.3437917,NA,NA,0.00545,0.34931675,62.32980751,3.35,1.64,49,-28.33,233.753429,0.742580359,0,1,0,1,0,1,0,1
W,7/17/2019,NA,GLSE,GLSE,1,0,1,MN,7,23.4,26.77333333,29.02333333,29.97768333,22.25266613,459.7658291,NA,NA,0.00484,0.27816981,79.99669732,3.55,1.72,48.4,-28.81,307.72913,0.990608031,0,1,0,1,0,1,0,1
W,7/17/2019,NA,GLSE,GLSE,1,0,1,MN,8,23.4,26.85,29.72666667,31.172198,22.53770996,459.0164962,NA,NA,0.00452,0.233259331,96.620829,3.27,1.61,49.1,-28.87,470.184245,1.633282979,0,1,0,1,0,1,0,1
W,7/20/2019,NA,GLSE,GLSE,1,0,1,MN,9,23.4,26.92333333,30.86333333,33.14230533,8.782268613,142.5692957,NA,NA,0.00271,0.088782706,98.91868541,2.48,1.53,61.6,-29.02,537.527035,0.982237159,0,1,0,1,0,1,0,0
W,7/17/2019,NA,GLSE,GLSE,1,0,1,NP,1,23.4,25.07,27.07,27.8284,13.34694375,286.415102,NA,NA,0.00272,0.191307181,69.76708188,2.99,1.39,46.6,-28.86,48.250823,0.141468713,0,1,0,1,0,1,0,0
W,7/16/2019,NA,GLSE,GLSE,1,0,1,NP,2,23.4,27.19,30.29333333,31.916526,17.94880964,400.6430724,NA,NA,0.00759,0.328835879,54.58288097,3.51,1.57,44.8,-31.35,93.360667,0.432468949,0,1,0,1,0,1,0,1
W,7/16/2019,NA,GLSE,GLSE,1,0,1,NP,3,23.4,26.77,30.45666667,32.537076,18.42462312,387.8868024,NA,NA,0.00407,0.158651501,116.1326742,3.93,1.86,47.5,-29.88,604.80842,2.196140214,0,1,0,1,0,1,0,1
W,7/16/2019,NA,GLSE,GLSE,1,0,1,NP,4,23.4,26.43,31.26666667,34.248446,19.79233682,345.4160004,NA,NA,0.00294,0.100103421,197.7188861,3.36,1.93,57.3,-27.9,154.942393,0.683059573,0,1,0,1,0,1,0,1
W,7/17/2019,NA,GLSE,GLSE,1,0,1,NP,5,23.4,25.95333333,27.19,27.35009933,23.82314279,430.7982421,NA,NA,0.00437,0.373353563,63.80853205,3.62,2,55.3,-29.34,19.658776,0.064100124,0,1,0,1,0,1,0,0
W,7/17/2019,NA,GLSE,GLSE,1,0,1,NP,6,23.4,26.14333333,27.62333333,27.97415733,23.06234926,428.6682019,NA,NA,0.00499,0.338273004,68.17673583,3.78,2.03,53.8,-26.99,3421.474861,16.90306307,0,1,0,1,0,1,0,1
W,7/20/2019,NA,GLSE,GLSE,1,0,1,NP,8,23.4,27.02333333,29.66666667,30.92931133,13.61031396,320.9979707,NA,NA,0.00438,0.266062436,51.1545868,4.6,1.95,42.4,-32.2,60.587161,0.147714775,0,1,0,1,0,1,0,0
W,7/20/2019,NA,GLSE,GLSE,1,0,1,NP,9,23.4,26.6,30.15333333,32.129236,10.20371833,233.4946987,NA,NA,0.00243,0.07990169,127.703411,3.44,1.5,43.7,-30.35,629.603498,5.746233689,0,1,0,1,0,1,0,1
W,7/16/2019,NA,PSCA,PSCA,0,1,1,HN,1,23.4,NA,NA,NA,NA,NA,NA,NA,NA,NA,NA,1.25,2.35,187.6,-29.83,490.226789,2.178217958,0,1,0,1,0,1,1,1
W,7/16/2019,NA,PSCA,PSCA,0,1,1,HN,2,23.4,26.90666667,32.18,35.50403867,4.404671615,22.13402821,NA,NA,0.00215,0.057426159,76.70148415,1.2,2.4,199,-29.56,207.950042,0.488782248,0,1,0,1,0,1,0,0
W,7/16/2019,NA,PSCA,PSCA,0,1,1,HN,3,23.4,26.75,32.06,35.412778,6.142536709,31.94246858,NA,NA,0.00196,0.053167201,115.5324454,1.25,2.4,192.3,-29.88,173.427812,0.282428837,0,1,0,1,0,1,0,0
W,7/16/2019,NA,PSCA,PSCA,0,1,1,HN,4,23.4,26.33,31.53,34.79656,14.40160583,93.27464914,NA,NA,0.00317,0.095730076,150.4397205,1.38,2.12,154.4,-30.34,205.356513,0.518997737,0,1,0,1,0,1,0,0
W,7/17/2019,NA,PSCA,PSCA,0,1,1,HN,5,23.4,25.1,27.91333333,29.309224,3.763127348,22.62854689,NA,NA,0.00204,0.10230871,36.78208205,1.32,2.2,166.3,-31.9,218.275278,0.559023799,0,1,0,1,0,1,1,0
W,7/17/2019,NA,PSCA,PSCA,0,1,1,HN,6,23.4,26.36333333,29.42,31.00661533,12.78434752,63.79414933,NA,NA,0.00367,0.16351877,78.18275227,1.24,2.48,200.4,-30.04,292.461785,0.84253626,0,1,0,1,0,1,1,1
W,7/17/2019,NA,PSCA,PSCA,0,1,1,HN,7,23.4,26.45,28.96666667,30.13003,14.15134404,54.70175507,NA,NA,0.00436,0.226708401,62.42090721,1.25,3.23,258.7,-30.41,220.829201,0.58813468,0,1,0,1,0,1,1,1
W,7/17/2019,NA,PSCA,PSCA,0,1,1,HN,8,23.4,NA,NA,NA,NA,NA,NA,NA,NA,NA,NA,NA,,NA,,330.606612,0.64290116,0,1,0,1,0,1,1,1
W,7/20/2019,NA,PSCA,PSCA,0,1,1,HN,9,23.4,26.48,30.30333333,32.490862,7.361193549,45.89272786,NA,NA,0.00234,0.076922568,95.69614878,1.53,2.45,160.4,-30.59,144.294729,0.375223336,0,1,0,1,0,1,1,0
W,7/16/2019,NA,PSCA,PSCA,0,1,1,LN,1,23.4,26.29333333,30.92333333,33.74312733,16.60731271,79.15782991,NA,NA,0.00346,0.107496544,154.4915971,1.22,2.57,209.8,-29.63,451.904029,1.858104459,1,0,0,1,1,0,0,1
W,7/16/2019,NA,PSCA,PSCA,0,1,1,LN,2,23.4,NA,NA,NA,NA,NA,NA,NA,NA,NA,NA,1.29,1.51,117.5,-29.55,186.637026,0.363674617,1,0,0,1,1,0,1,1
W,7/16/2019,NA,PSCA,PSCA,0,1,1,LN,3,23.4,NA,NA,NA,NA,NA,NA,NA,NA,NA,NA,1.13,2.88,254.8,-29.87,177.305707,0.302159415,1,0,0,1,1,0,1,1
W,7/16/2019,NA,PSCA,PSCA,0,1,1,LN,4,23.4,26.37,30.89333333,33.629522,11.98042416,54.45647343,NA,NA,0.00307,0.111794699,107.1645104,1.09,2.41,220,-30.5,179.502597,0.227830379,1,0,0,1,1,0,0,1
W,7/17/2019,NA,PSCA,PSCA,0,1,1,LN,5,23.4,25.85,27.65,28.25164,16.75357557,116.0219915,NA,NA,0.00372,0.26794597,62.52594717,1.4,2.02,144.4,-30.8,56.526835,0.027462459,1,0,0,1,1,0,0,1
W,7/17/2019,NA,PSCA,PSCA,0,1,1,LN,6,23.4,26.43,29.81333333,31.65599,14.37073511,71.60306485,NA,NA,0.00313,0.133674664,107.5053016,0.95,1.9,200.7,-28.17,358.14803,0.959685795,1,0,0,1,1,0,0,0
W,7/17/2019,NA,PSCA,PSCA,0,1,1,LN,7,23.4,26.64333333,29.25,30.48390533,17.64542347,69.91055257,NA,NA,0.00433,0.223155233,79.07241627,0.89,2.24,252.4,-29.33,265.689713,0.514064557,1,0,0,1,1,0,0,1
W,7/17/2019,NA,PSCA,PSCA,0,1,1,LN,8,23.4,26.87666667,30.28666667,32.15022467,18.55532409,89.25119811,NA,NA,0.00386,0.168283613,110.262216,1.1,2.28,207.9,-27.94,135.11142,0.18523836,1,0,0,1,1,0,0,0
W,7/20/2019,NA,PSCA,PSCA,0,1,1,LN,9,23.4,26.525,29.56,31.129633,12.40566455,66.94908017,NA,NA,0.00398,0.171855328,72.18667418,1.07,1.98,185.3,-29.09,398.672674,2.065161327,1,0,0,1,1,0,0,0
W,7/16/2019,NA,PSCA,PSCA,0,1,1,MN,1,23.4,26.59333333,31.4,34.35826533,16.47074289,76.21815312,NA,NA,0.00402,0.118417123,139.0908891,1.24,2.69,216.1,-28.29,357.367572,0.794728472,0,1,0,1,0,1,0,0
W,7/16/2019,NA,PSCA,PSCA,0,1,1,MN,2,23.4,NA,NA,NA,NA,NA,NA,NA,NA,NA,NA,NA,,NA,,108.118878,0.116275608,0,1,0,1,0,1,1,1
W,7/16/2019,NA,PSCA,PSCA,0,1,1,MN,3,23.4,26.58,30.38333333,32.555186,14.44595199,85.8345335,NA,NA,0.00565,0.216819711,66.62656226,1.37,2.31,168.3,-31.01,143.469931,0.170816078,0,1,0,1,0,1,0,0
W,7/16/2019,NA,PSCA,PSCA,0,1,1,MN,4,23.4,26.18333333,30.43,32.94933733,16.44724932,81.99027579,NA,NA,0.00288,0.11844929,138.8547738,1.25,2.51,200.6,-30.18,397.876735,1.288023928,0,1,0,1,0,1,0,1
W,7/17/2019,NA,PSCA,PSCA,0,1,1,MN,5,23.4,25.91666667,29.19333333,30.95238467,7.743194446,42.52166088,NA,NA,0.00122,0.05331696,145.2294803,1.26,2.29,182.1,-28.7,344.311008,0.91254222,0,1,0,1,0,1,0,1
W,7/17/2019,NA,PSCA,PSCA,0,1,1,MN,6,23.4,26.39,28.83666667,29.945164,14.53516533,82.58616668,NA,NA,0.00406,0.210861031,68.93243998,1.41,2.49,176,-30.02,169.756612,0.210553225,0,1,0,1,0,1,1,0
W,7/17/2019,NA,PSCA,PSCA,0,1,1,MN,7,23.4,NA,NA,NA,NA,NA,NA,NA,NA,NA,NA,NA,,NA,,202.909104,0.567437177,0,1,0,1,0,1,1,0
W,7/17/2019,NA,PSCA,PSCA,0,1,1,MN,8,23.4,26.97333333,30.57,32.57986733,12.88486756,89.60269516,NA,NA,0.00345,0.142159236,90.63686563,1.52,2.18,143.8,-29.08,305.112987,1.000742349,0,1,0,1,0,1,0,0
W,7/20/2019,NA,PSCA,PSCA,0,1,1,MN,9,23.4,26.69333333,29.46333333,30.82525933,16.26357428,95.83720848,NA,NA,0.00456,0.186922437,87.00707405,1.36,2.31,169.7,-29.86,264.129969,0.694672301,0,1,0,1,0,1,0,0
W,7/16/2019,NA,PSCA,PSCA,0,1,1,NP,1,23.4,26.63666667,30.97,33.55726667,18.50500589,89.43937114,NA,NA,0.0045,0.144820947,127.7785169,1.4,2.89,206.9,-27.71,380.211025,1.006262862,0,1,0,1,0,1,0,0
W,7/16/2019,NA,PSCA,PSCA,0,1,1,NP,2,23.4,NA,NA,NA,NA,NA,NA,NA,NA,NA,NA,1.68,2.39,142.2,-29.36,63.869859,0.07742111,0,1,0,1,0,1,1,0
W,7/16/2019,NA,PSCA,PSCA,0,1,1,NP,3,23.4,NA,NA,NA,NA,NA,NA,NA,NA,NA,NA,NA,,NA,,59.527087,0.050669959,0,1,0,1,0,1,1,0
W,7/16/2019,NA,PSCA,PSCA,0,1,1,NP,4,23.4,NA,NA,NA,NA,NA,NA,NA,NA,NA,NA,NA,,NA,,192.50855,0.287098102,0,1,0,1,0,1,1,0
W,7/17/2019,NA,PSCA,PSCA,0,1,1,NP,5,23.4,25.88,27.91,28.691914,13.22714244,82.61800399,NA,NA,0.00288,0.182675514,72.40785653,1.24,1.99,160.1,-28.67,125.834152,0.146087736,0,1,0,1,0,1,0,1
W,7/20/2019,NA,PSCA,PSCA,0,1,1,NP,8,23.4,26.86666667,30.46666667,32.47914667,12.55037972,72.92492573,NA,NA,0.00337,0.135364799,92.71523925,1.4,2.41,172.1,-28.62,306.906158,0.854209835,0,1,0,1,0,1,0,1
W,7/20/2019,NA,PSCA,PSCA,0,1,1,NP,9,23.4,26.51333333,28.98666667,30.11606533,12.53326291,69.12996643,NA,NA,0.00461,0.20534227,61.03596179,1.23,2.23,181.3,-30.04,245.771673,0.867965202,0,1,0,1,0,1,0,0
V,7/19/2019,NA,ACKO,ACKO,1,0,1,HN,2,19.9,25.17666667,26.60666667,26.91830067,29.42838368,242.8084462,NA,NA,0.00536,0.389151711,75.62187928,3.1,3.76,121.2,-30.46,1153.02407,4.090148919,0,1,0,1,0,1,0,1
V,7/19/2019,NA,ACKO,ACKO,1,0,1,HN,4,19.9,25.22333333,26.66333333,26.98280533,19.84477139,93.74006325,NA,NA,0.00439,0.297202848,66.77180751,1.69,3.59,211.7,-28.21,2775.388762,11.57575903,0,1,0,1,0,1,0,1
V,7/19/2019,NA,ACKO,ACKO,1,0,1,HN,5,19.9,24.50333333,24.56333333,23.80116133,15.57134226,102.2412492,NA,NA,0.00379,0.346840521,44.8948185,2.23,3.4,152.3,-27.94,2144.644543,8.529825551,0,1,0,1,0,1,0,1
V,7/18/2019,NA,ACKO,ACKO,1,0,1,HN,6,19.9,25.14333333,27.43666667,28.42498133,16.48672798,126.6261749,NA,NA,0.00373,0.178480538,92.37269344,2.77,3.61,130.2,-26.61,3242.439784,13.91713114,0,1,0,1,0,1,0,1
V,7/18/2019,NA,ACKO,ACKO,1,0,1,HN,8,19.9,24.97666667,25.43,24.97612267,8.202862461,33.57700557,NA,NA,0.00246,0.175972774,46.61438396,2.01,4.91,244.3,-29.2,8.094544749,0.01151011,0,1,0,1,0,1,0,0
V,7/20/2019,NA,ACKO,ACKO,1,0,1,LN,1,19.9,25.61,27.28333333,27.785692,11.10012146,39.08493472,NA,NA,0.003,0.205546973,54.0028456,1.44,4.08,284,-29.95,485.3650752,1.467905195,0,1,0,1,0,1,0,1
V,7/19/2019,NA,ACKO,ACKO,1,0,1,LN,2,19.9,25.43333333,27.54666667,28.39389733,18.74022669,84.52966481,NA,NA,0.00541,0.291402782,64.31039055,2.14,4.75,221.7,-29.32,582.9797155,1.823702545,0,1,0,1,0,1,0,1
V,7/19/2019,NA,ACKO,ACKO,1,0,1,LN,4,19.9,24.95,26.29,26.531092,21.68202325,125.4746716,NA,NA,0.00419,0.326002069,66.50885178,2.4,4.15,172.8,-28.32,33.29517541,0.061445625,0,1,0,1,0,1,0,1
V,7/19/2019,NA,ACKO,ACKO,1,0,1,LN,5,19.9,24.33333333,25.26666667,25.18901333,16.98122749,59.70895741,NA,NA,0.00342,0.231550868,73.33692016,1.69,4.8,284.4,-26.87,3166.593127,13.53240736,0,1,0,1,0,1,0,1
V,7/18/2019,NA,ACKO,ACKO,1,0,1,LN,6,19.9,25.43333333,26.99666667,27.41280733,21.43438155,122.2725702,NA,NA,0.00541,0.354556058,60.45413993,2.14,3.76,175.3,-29.08,189.4013178,0.481585475,0,1,0,1,0,1,0,1
V,7/18/2019,NA,ACKO,ACKO,1,0,1,LN,7,19.9,24.80333333,26.67666667,27.33578533,14.7217139,72.20065669,NA,NA,0.00345,0.195799252,75.18779444,2.07,4.21,203.9,-28.14,986.8637029,3.401728688,0,1,0,1,0,1,0,1
V,7/18/2019,NA,ACKO,ACKO,1,0,1,LN,8,19.9,24.67333333,26.10333333,26.41496733,19.28924939,100.3081091,NA,NA,0.00411,0.267864906,72.01111078,1.75,3.37,192.3,-30.33,1694.592351,6.453471741,0,1,0,1,0,1,0,1
V,7/19/2019,NA,ACKO,ACKO,1,0,1,MN,1,19.9,25.10333333,27.67,28.87255333,14.00691817,63.37972021,NA,NA,0.00357,0.16464914,85.07131084,1.87,4.14,221,-28.49,316.6959946,0.885298488,0,1,0,1,0,1,0,0
V,7/19/2019,NA,ACKO,ACKO,1,0,1,MN,3,19.9,25.34333333,27.07333333,27.62010733,17.21431432,66.69629725,NA,NA,0.00481,0.315078971,54.63491981,2.44,6.3,258.1,-29.45,2394.759787,9.720265536,0,1,0,1,0,1,0,1
V,7/19/2019,NA,ACKO,ACKO,1,0,1,MN,4,19.9,24.99333333,26.93666667,27.65065133,17.5381589,73.16712096,NA,NA,0.00335,0.22204486,78.9847553,1.82,4.35,239.7,-28.94,12473.73387,68.63395304,0,1,0,1,0,1,0,0
V,7/18/2019,NA,ACKO,ACKO,1,0,1,MN,5,19.9,25.45333333,27.53333333,28.35443733,16.74934457,74.80725579,NA,NA,0.00515,0.279808273,59.86007622,1.73,3.88,223.9,-30.23,230.9047453,0.608956256,0,1,0,1,0,1,0,1
V,7/18/2019,NA,ACKO,ACKO,1,0,1,MN,7,19.9,24.76666667,26.11,26.35370467,20.83182327,88.23305068,NA,NA,0.00305,0.238401802,87.38114838,2.28,5.39,236.1,-29.14,2293.410615,9.234980174,0,1,0,1,0,1,0,1
V,7/18/2019,NA,ACKO,ACKO,1,0,1,MN,8,19.9,24.48,25.37333333,25.264328,18.57076491,110.7380138,NA,NA,0.00443,0.306530953,60.58365297,2.17,3.64,167.7,-28.42,1412.347076,5.200960245,0,1,0,1,0,1,0,1
V,7/19/2019,NA,ACKO,ACKO,1,0,1,NP,3,19.9,25.44,28.16,29.482736,16.30006012,76.16850524,NA,NA,0.00366,0.182388823,89.36984114,2.1,4.5,214,-28.66,8444.455456,43.23959152,0,1,0,1,0,1,0,1
V,7/19/2019,NA,ACKO,ACKO,1,0,1,NP,4,19.9,24.58,25.80666667,25.958928,18.11427621,106.0554813,NA,NA,0.00375,0.258112065,70.17988965,2.71,4.64,170.8,-28,5626.053343,26.73014228,0,1,0,1,0,1,0,1
V,7/18/2019,NA,ACKO,ACKO,1,0,1,NP,6,19.9,24.99333333,26.86,27.51389333,16.0813506,74.6580808,NA,NA,0.00371,0.204579223,78.60695892,2.19,4.72,215.4,-28.43,441.9575079,1.313739848,0,1,0,1,0,1,0,1
V,7/18/2019,NA,ACKO,ACKO,1,0,1,NP,7,19.9,24.57,26.75666667,27.661376,4.995048849,20.17386449,NA,NA,0.00114,0.058118794,85.94550017,1.13,2.79,247.6,-27.59,2492.784847,10.19325244,0,1,0,1,0,1,0,1
V,7/19/2019,NA,DOVI,DOVI,0,1,1,HN,1,19.9,25.35666667,27.49666667,28.36479867,20.85894416,216.3790887,NA,NA,0.00384,0.188329195,110.7578892,2.9,2.8,96.4,-24.96,1911.710617,8.530828559,0,1,0,1,0,1,0,1
V,7/19/2019,NA,DOVI,DOVI,0,1,1,HN,2,19.9,NA,NA,NA,NA,NA,NA,NA,NA,NA,NA,2.21,1.83,82.8,-23.86,1365.888643,6.016374373,0,1,0,1,0,1,1,1
V,7/19/2019,NA,DOVI,DOVI,0,1,1,HN,4,19.9,25.28666667,27.54,28.49696267,19.04407017,176.8251641,NA,NA,0.00345,0.184543355,103.1956429,2.03,2.19,107.7,-25.99,1257.486646,5.521198817,0,1,0,1,0,1,0,1
V,7/18/2019,NA,DOVI,DOVI,0,1,1,HN,6,19.9,25.26333333,27.85,29.06822933,13.42388041,135.7318545,NA,NA,0.00232,0.099857365,134.4305491,2.15,2.12,98.9,-24.27,73.89654971,0.290755039,0,1,0,1,0,1,0,1
V,7/18/2019,NA,DOVI,DOVI,0,1,1,HN,7,19.9,24.73,27.05666667,28.071108,10.87706111,107.3747395,NA,NA,0.00101,0.052780145,206.0824411,2.03,2.06,101.3,-25.4,2351.84541,10.57936797,0,1,0,1,0,1,0,1
V,7/18/2019,NA,DOVI,DOVI,0,1,1,HN,8,19.9,25.22333333,28.02,29.40282733,12.62882842,91.71262472,NA,NA,0.00213,0.089560767,141.0084883,1.62,2.24,137.7,-23.81,538.0626514,2.286113201,0,1,0,1,0,1,0,1
V,7/20/2019,NA,DOVI,DOVI,0,1,1,LN,1,19.9,25.61666667,28.84666667,30.56914067,14.59723628,167.2077466,NA,NA,0.00181,0.081028341,180.1497607,2.02,1.76,87.3,-26.4,732.5472059,3.286542117,1,0,0,1,1,0,0,1
V,7/19/2019,NA,DOVI,DOVI,0,1,1,LN,2,19.9,25.43,28.17,29.508412,15.7238249,159.6327401,NA,NA,0.00333,0.147788148,106.3943563,2.07,2.04,98.5,-27.66,1182.13617,5.952387223,1,0,0,1,1,0,0,1
V,7/19/2019,NA,DOVI,DOVI,0,1,1,LN,3,19.9,25.46666667,28.67,30.37157267,20.68489349,221.2288074,NA,NA,0.00221,0.104433581,198.0674547,1.91,1.79,93.5,-25.3,1024.82586,4.98560443,1,0,0,1,1,0,0,1
V,7/18/2019,NA,DOVI,DOVI,0,1,1,LN,6,19.9,25.49666667,27.75333333,28.71290867,19.40803945,164.0578144,NA,NA,0.00408,0.209579906,92.60448611,2.43,2.87,118.3,-26,2383.441342,14.2124619,1,0,0,1,1,0,0,1
V,7/18/2019,NA,DOVI,DOVI,0,1,1,LN,7,19.9,24.85,26.9,27.69759,9.773847461,97.34907829,NA,NA,0.00246,0.134826458,72.49205829,1.33,1.33,100.4,-28.33,11.95523752,0.019881429,1,0,0,1,1,0,0,1
V,7/18/2019,NA,DOVI,DOVI,0,1,1,LN,8,19.9,24.99666667,27.69,28.99183467,6.244755983,62.82450687,NA,NA,0.00173,0.079459192,78.59073068,1.04,1.03,99.4,-28.59,86.80064302,0.232830505,1,0,0,1,1,0,0,1
V,7/19/2019,NA,DOVI,DOVI,0,1,1,MN,1,19.9,25.30333333,26.97333333,27.47307933,15.45388948,155.9423762,NA,NA,0.00344,0.190154888,81.2700093,1.86,1.85,99.1,-26.64,3732.95379,17.94755981,0,1,0,1,0,1,0,1
V,7/19/2019,NA,DOVI,DOVI,0,1,1,MN,2,19.9,25.27333333,27.49666667,28.43011533,11.79121168,133.0836533,NA,NA,0.00239,0.119119798,98.98616231,1.93,1.71,88.6,-25.76,961.9864045,3.583083369,0,1,0,1,0,1,0,1
V,7/19/2019,NA,DOVI,DOVI,0,1,1,MN,3,19.9,25.33,28.11333333,29.48571,16.72724168,169.3040656,NA,NA,0.00309,0.142189601,117.6404011,2.01,1.99,98.8,-27.39,3483.101664,16.52931241,0,1,0,1,0,1,0,1
V,7/19/2019,NA,DOVI,DOVI,0,1,1,MN,4,19.9,25.02,27.06,27.849752,14.72165096,189.7119969,NA,NA,0.00307,0.170141832,86.5257579,2.63,2.04,77.6,-26.67,1800.812279,7.547797779,0,1,0,1,0,1,0,1
V,7/18/2019,NA,DOVI,DOVI,0,1,1,MN,6,19.9,NA,NA,NA,NA,NA,NA,NA,NA,NA,NA,1.75,2.07,118.3,-25.95,942.9713704,3.499082388,0,1,0,1,0,1,1,1
V,7/18/2019,NA,DOVI,DOVI,0,1,1,MN,8,19.9,24.92666667,27.69333333,29.05264667,10.50029867,151.0834341,NA,NA,0.00184,0.073872616,142.1406092,2.52,1.75,69.5,-28.97,32.73448186,0.064519808,0,1,0,1,0,1,0,1
V,7/19/2019,NA,DOVI,DOVI,0,1,1,NP,1,19.9,25.38,28.26,29.708144,9.572629985,84.78857383,NA,NA,0.00183,0.072389943,132.2370145,1.87,2.11,112.9,-24.13,1558.897317,14.44561294,0,1,0,1,0,1,0,1
V,7/19/2019,NA,DOVI,DOVI,0,1,1,NP,4,19.9,24.63,27.07333333,28.179218,8.795199356,97.72443729,NA,NA,0.00157,0.071719063,122.6340533,2.09,1.88,90,-23.9,69.61054178,0.09581547,0,1,0,1,0,1,0,0
V,7/18/2019,NA,DOVI,DOVI,0,1,1,NP,6,19.9,25.1,28.04333333,29.541118,8.455512014,79.76898127,NA,NA,0.00159,0.065485747,129.1198836,1.85,1.96,106,-25.67,146.5368752,0.318418177,0,1,0,1,0,1,0,0
V,7/18/2019,NA,DOVI,DOVI,0,1,1,NP,7,19.9,24.35666667,26.21666667,26.86533467,10.27448745,130.0568032,NA,NA,0.00121,0.068621714,149.7264769,2.98,2.36,79,-25.95,311.362245,1.074211069,0,1,0,1,0,1,0,1
V,7/18/2019,NA,DOVI,DOVI,0,1,1,NP,8,19.9,24.85666667,26.95,27.78155467,7.597609533,95.9294133,NA,NA,0.00166,0.086291401,88.04596311,1.95,1.54,79.2,-26.21,203.3026723,0.540026508,0,1,0,1,0,1,0,1
V,7/19/2019,NA,MOFA,MOFA,1,0,1,HN,3,19.9,25.47,28.62333333,30.285716,14.05967055,86.25564753,NA,NA,0.00287,0.133084882,105.6443856,1.54,2.52,163,-27.74,6771.275066,24.81804975,0,1,0,1,0,1,0,1
V,7/19/2019,NA,MOFA,MOFA,1,0,1,HN,4,19.9,25.44,28.16666667,29.494628,13.70359523,84.85198283,NA,NA,0.00528,0.257811444,53.15355686,1.12,1.81,161.5,-29.53,773.4003848,1.597755032,0,1,0,1,0,1,0,1
V,7/19/2019,NA,MOFA,MOFA,1,0,1,HN,5,19.9,24.61,26.28333333,26.785692,11.48621112,67.2494796,NA,NA,0.00222,0.121193715,94.77563356,1.89,3.22,170.8,-27.32,11211.60081,30.25090702,0,1,0,1,0,1,0,1
V,7/18/2019,NA,MOFA,MOFA,1,0,1,HN,7,19.9,24.95,26.58666667,27.060286,11.25542972,83.31184102,NA,NA,0.00258,0.152826865,73.64824074,1.72,2.32,135.1,-29.07,1623.248089,4.151060786,0,1,0,1,0,1,0,1
V,7/18/2019,NA,MOFA,MOFA,1,0,1,HN,8,19.9,25.23333333,27.9,29.18093333,5.665646741,45.50720274,NA,NA,0.00237,0.103993039,54.4810189,1.62,2.02,124.5,-29.31,33.0182666,0.034439299,0,1,0,1,0,1,0,1
V,7/20/2019,NA,MOFA,MOFA,1,0,1,LN,1,19.9,25.59333333,28.41,29.80850333,14.46389078,90.17388268,NA,NA,0.00315,0.160936273,89.87340441,1.53,2.45,160.4,-29.04,5183.82305,17.66233555,0,1,0,1,0,1,0,1
V,7/19/2019,NA,MOFA,MOFA,1,0,1,LN,2,19.9,25.48,28.54333333,30.135174,16.32158535,118.9619923,NA,NA,0.00376,0.154838058,105.4106821,1.61,2.21,137.2,-28.3,772.7653928,2.145089592,0,1,0,1,0,1,0,1
V,7/19/2019,NA,MOFA,MOFA,1,0,1,LN,3,19.9,25.36,28.82666667,30.73464,14.26546774,109.9881861,NA,NA,0.00274,0.113148876,126.0769725,1.86,2.41,129.7,-28.36,928.1801457,2.713863516,0,1,0,1,0,1,0,1
V,7/19/2019,NA,MOFA,MOFA,1,0,1,LN,4,19.9,25.05,26.86666667,27.48137,12.64156452,101.4571792,NA,NA,0.00316,0.186590395,67.75034985,1.59,1.99,124.6,-28.31,407.3830408,1.050323838,0,1,0,1,0,1,0,1
V,7/19/2019,NA,MOFA,MOFA,1,0,1,LN,5,19.9,24.53666667,26.17666667,26.65289867,15.23407293,101.6282384,NA,NA,0.00365,0.204084112,74.64605048,1.38,2.08,149.9,-28.9,1752.235771,5.511110468,0,1,0,1,0,1,0,1
V,7/18/2019,NA,MOFA,MOFA,1,0,1,LN,6,19.9,25.52,28.59666667,30.198958,11.06904948,76.33827227,NA,NA,0.00276,0.113273292,97.71985348,1.52,2.2,145,-28.93,3289.34963,10.82073699,0,1,0,1,0,1,0,1
V,7/18/2019,NA,MOFA,MOFA,1,0,1,LN,7,19.9,25.00666667,27.07,27.87804067,6.025047789,52.66650165,NA,NA,0.00252,0.120622012,49.94981986,1.43,1.64,114.4,-29.41,73.41940956,0.145664515,0,1,0,1,0,1,0,1
V,7/19/2019,NA,MOFA,MOFA,1,0,1,MN,1,19.9,25.45,28.27,29.671116,12.4510053,81.86065283,NA,NA,0.00343,0.146025777,85.265804,1.49,2.26,152.1,-27.82,316.9721452,0.792537833,0,1,0,1,0,1,0,1
V,7/19/2019,NA,MOFA,MOFA,1,0,1,MN,2,19.9,25.38333333,29.1,31.20392333,10.11463394,70.33820541,NA,NA,0.0024,0.085204356,118.7102909,1.51,2.16,143.8,-28.23,1372.356896,3.392485344,0,1,0,1,0,1,0,1
V,7/19/2019,NA,MOFA,MOFA,1,0,1,MN,3,19.9,NA,NA,NA,NA,NA,NA,NA,NA,NA,NA,1.29,1.85,143.5,-29.56,57.89197618,0.090610372,0,1,0,1,0,1,1,1
V,7/19/2019,NA,MOFA,MOFA,1,0,1,MN,4,19.9,24.98333333,27.32666667,28.35417133,12.778577,89.23587291,NA,NA,0.00199,0.113107994,112.9767801,1.39,1.99,143.2,-28.94,2230.131857,9.367692329,0,1,0,1,0,1,0,1
V,7/18/2019,NA,MOFA,MOFA,1,0,1,MN,5,19.9,25.51666667,28.45,29.93994667,17.94097412,128.2414161,NA,NA,0.00406,0.175362064,102.3081829,1.56,2.19,139.9,-28.38,1719.308295,4.195814044,0,1,0,1,0,1,0,1
V,7/18/2019,NA,MOFA,MOFA,1,0,1,MN,6,19.9,25.44,27.78,28.804892,12.2915822,102.4298517,NA,NA,0.00318,0.150644205,81.59346197,1.54,1.85,120,-28.37,991.4729375,2.273985942,0,1,0,1,0,1,0,1
V,7/18/2019,NA,MOFA,MOFA,1,0,1,MN,7,19.9,24.89333333,26.65333333,27.22362133,13.84177306,137.7290852,NA,NA,0.00309,0.201496344,68.69490938,1.68,1.69,100.5,-27.92,56.38301993,0.161186855,0,1,0,1,0,1,0,1
V,7/19/2019,NA,MOFA,MOFA,1,0,1,NP,1,19.9,25.50333333,28.73,30.44986133,7.886451658,64.48447799,NA,NA,0.00254,0.093845454,84.03658738,1.6,1.95,122.3,-28.12,152.1762044,0.468681372,0,1,0,1,0,1,0,1
V,7/19/2019,NA,MOFA,MOFA,1,0,1,NP,3,19.9,25.51333333,29.34333333,31.53608733,14.81509192,102.3141707,NA,NA,0.00213,0.081430023,181.9364817,1.83,2.66,144.8,-26.57,1955.214352,5.051654882,0,1,0,1,0,1,0,1
V,7/19/2019,NA,MOFA,MOFA,1,0,1,NP,4,19.9,24.62,26.62,27.3784,11.09379751,77.96062903,NA,NA,0.0027,0.139517567,79.51541702,1.74,2.47,142.3,-29.7,7243.817256,16.63125883,0,1,0,1,0,1,0,1
V,7/19/2019,NA,MOFA,MOFA,1,0,1,NP,5,19.9,24.55666667,26.88,27.89182867,12.39007833,104.0308844,NA,NA,0.00269,0.131464684,94.24643885,1.92,2.28,119.1,-29.76,2762.206567,6.634875085,0,1,0,1,0,1,0,1
V,7/18/2019,NA,MOFA,MOFA,1,0,1,NP,6,19.9,25.22666667,27.45,28.38344867,9.671308736,86.27394056,NA,NA,0.00312,0.153815626,62.87598315,1.57,1.76,112.1,-28.68,881.7275334,2.337991233,0,1,0,1,0,1,0,1
V,7/18/2019,NA,MOFA,MOFA,1,0,1,NP,7,19.9,24.57333333,26.78333333,27.70633133,6.610023273,41.57247341,NA,NA,0.00164,0.083018509,79.62107891,1.61,2.55,159,-28.33,1959.023224,4.876658074,0,1,0,1,0,1,0,1
V,7/18/2019,NA,MOFA,MOFA,1,0,1,NP,8,19.9,24.95,27.26,28.261378,8.942004561,82.26315144,NA,NA,0.00214,0.110760474,80.7328123,1.79,1.95,108.7,-28.45,510.7487174,1.430953757,0,1,0,1,0,1,0,1
OR,6/14/2019,6/15/2019,ALRU,ALRU,1,0,1,MN,3,NA,NA,NA,NA,17.03,194.8512586,1.64,20.05,0.0017,0.141,120.7801418,2.62,2.29,87.4,-23.94,4706.991592,30.24019141,0,1,0,1,0,1,0,1
OR,6/13/2019,6/14/2019,ALRU,ALRU,1,0,1,LN,4,NA,NA,NA,NA,18.77,221.3443396,2.12,36.61,0.00264,0.215,87.30232558,2.36,2,84.8,-25.06,3818.147591,16.2080021,0,1,0,1,0,1,0,1
OR,6/13/2019,6/14/2019,ALRU,ALRU,1,0,1,NP,5,NA,NA,NA,NA,13.13,152.4970964,2.08,29.02,0.00177,0.144,91.18055556,2.14,1.84,86.1,-24.63,1385.172671,10.23416239,0,1,0,1,0,1,0,1
OR,6/13/2019,6/14/2019,ALRU,ALRU,1,0,1,HN,7,NA,NA,NA,NA,18.12,170.3007519,1.21,14.53,0.00256,0.208,87.11538462,2.18,2.32,106.4,-24.04,3280.000661,13.92193889,0,1,0,1,0,1,0,1
OR,6/13/2019,6/14/2019,ALRU,ALRU,1,0,1,MN,8,NA,NA,NA,NA,21.83,251.4976959,1.49,19.39,0.00338,0.279,78.2437276,2.64,2.29,86.8,-25.4,9114.934573,40.75636121,0,1,0,1,0,1,0,1
OR,6/13/2019,6/14/2019,ALRU,ALRU,1,0,1,LN,9,NA,NA,NA,NA,20.12,171.6723549,1.41,14.9,0.00217,0.167,120.4790419,2.39,2.8,117.2,-25.15,550.96428,6.735185039,0,1,0,1,0,1,0,1
OR,6/11/2019,6/14/2019,ALRU,ALRU,1,0,1,LN,12,NA,NA,NA,NA,16.01,199.377335,1.47,16.95,0.00329,0.212,75.51886792,1.84,1.48,80.3,-24.88,2553.428306,20.17712703,0,1,0,1,0,1,0,1
OR,6/15/2019,6/15/2019,ALRU,ALRU,1,0,1,MN,13,NA,NA,NA,NA,18.32,242.007926,2.02,22.57,0.00307,0.253,72.41106719,2.28,1.73,75.7,-24.62,1176.102059,14.2952766,0,1,0,1,0,1,0,1
OR,6/14/2019,6/15/2019,ALRU,ALRU,1,0,1,LN,16,NA,NA,NA,NA,16.92,188.8392857,1.7,19.94,0.00216,0.179,94.52513966,2.08,1.86,89.6,-26.64,1126.656813,10.33459637,0,1,0,1,0,1,0,1
OR,6/15/2019,6/15/2019,ALRU,ALRU,1,0,1,NP,17,NA,NA,NA,NA,13.11,181.8307906,1.6,21.84,0.00149,0.121,108.3471074,2.59,1.87,72.1,-24.78,693.486699,8.702394398,0,1,0,1,0,1,0,1
OR,6/14/2019,6/15/2019,ALRU,ALRU,1,0,1,MN,18,NA,NA,NA,NA,17.65,157.4487065,1.84,17.89,0.00247,0.201,87.81094527,2.15,2.41,112.1,-25.46,985.049219,6.735054433,0,1,0,1,0,1,0,1
OR,6/14/2019,6/15/2019,ALRU,ALRU,1,0,1,HN,20,NA,NA,NA,NA,14.26,148.5416667,2.46,30.66,0.0015,0.122,116.8852459,2.51,2.41,96,-24.35,1922.351448,15.07745509,0,1,0,1,0,1,0,1
OR,6/15/2019,6/15/2019,ALRU,ALRU,1,0,1,HN,21,NA,NA,NA,NA,17.39,260.3293413,1.9,21,0.00255,0.2,86.95,2.48,1.66,66.8,-24.56,4399.765497,18.62521999,0,1,0,1,0,1,0,1
OR,6/12/2019,6/14/2019,ALRU,ALRU,1,0,1,NP,22,NA,NA,NA,NA,17.82,206.0115607,1.37,20.02,0.00289,0.171,104.2105263,3.03,2.62,86.5,-24.52,6409.017154,31.44411503,0,1,0,1,0,1,0,1
OR,6/11/2019,6/13/2019,ALRU,ALRU,1,0,1,HN,23,NA,NA,NA,NA,16.15,210.8355091,1.66,20.47,0.00247,0.2,80.75,1.94,1.49,76.6,-25.48,1278.373883,12.62092843,0,1,0,1,0,1,0,1
OR,6/11/2019,6/13/2019,ALRU,ALRU,1,0,1,MN,24,NA,NA,NA,NA,15.39,165.1287554,1.53,13.52,0.00218,0.146,105.4109589,2.06,1.92,93.2,-24.75,455.390152,6.114823481,0,1,0,1,0,1,0,1
OR,6/11/2019,6/13/2019,ALRU,ALRU,1,0,1,HN,26,NA,NA,NA,NA,18.6,229.6296296,1.5,25.97,0.00332,0.28,66.42857143,2.07,1.68,81,-25.89,1732.943244,19.99389564,0,1,0,1,0,1,0,1
OR,6/9/2019,6/13/2019,ALRU,ALRU,1,0,1,HN,27,NA,NA,NA,NA,14.97,128.3876501,2.56,36.63,0.00194,0.153,97.84313725,1.9,2.22,116.6,-26.33,1672.115058,12.30153787,0,1,0,1,0,1,0,1
OR,6/12/2019,6/14/2019,ALRU,ALRU,1,0,1,LN,28,NA,NA,NA,NA,15.14,208.5399449,1.36,15.75,0.00253,0.146,103.6986301,2.67,1.94,72.6,-24.13,1440.276448,11.78006899,0,1,0,1,0,1,0,1
OR,6/12/2019,6/14/2019,ALRU,ALRU,1,0,1,HN,29,NA,NA,NA,NA,19.02,219.8843931,1.03,17.35,0.00291,0.199,95.57788945,2.65,2.29,86.5,-24.76,2191.138408,14.70586894,0,1,0,1,0,1,0,1
OR,6/12/2019,6/14/2019,ALRU,ALRU,1,0,1,MN,30,NA,NA,NA,NA,16.61,176.7021277,1.34,14.96,0.00334,0.189,87.88359788,2.06,1.94,94,-25.04,1553.905931,7.869710371,0,1,0,1,0,1,0,1
OR,6/12/2019,6/15/2019,ALRU,ALRU,1,0,1,HN,31,NA,NA,NA,NA,19.38,225.3488372,1.93,21.54,0.00282,0.236,82.11864407,2.34,2.01,86,-24.87,811.825657,10.25647175,0,1,0,1,0,1,0,1
OR,6/12/2019,6/14/2019,ALRU,ALRU,1,0,1,NP,32,NA,NA,NA,NA,16.55,212.7249357,1.91,21.96,0.00197,0.148,111.8243243,2.64,2.05,77.8,-24.42,550.96428,4.983829199,0,1,0,1,0,1,0,1
OR,6/9/2019,6/13/2019,ALRU,ALRU,1,0,1,NP,33,NA,NA,NA,NA,14.28,159.0200445,1.29,19.88,0.00175,0.145,98.48275862,2.81,2.52,89.8,-25.77,584.970409,6.038152267,0,1,0,1,0,1,0,1
OR,6/10/2019,6/13/2019,ALRU,ALRU,1,0,1,NP,34,NA,NA,NA,NA,18.77,162.2299049,1.36,16.62,0.0032,0.262,71.64122137,1.91,2.21,115.7,-25.44,2332.533812,19.13703031,0,1,0,1,0,1,0,1
OR,6/10/2019,6/13/2019,ALRU,ALRU,1,0,1,LN,36,NA,NA,NA,NA,18.82,207.0407041,1.53,21.72,0.00321,0.268,70.2238806,2.05,1.86,90.9,-25.16,247.038067,3.163028572,0,1,0,1,0,1,0,1
OR,6/10/2019,6/13/2019,ALRU,ALRU,1,0,1,MN,37,NA,NA,NA,NA,19.29,254.8216645,1.62,21.85,0.00378,0.264,73.06818182,2.67,2.02,75.7,-24.58,693.486699,6.864468963,0,1,0,1,0,1,0,1
OR,6/10/2019,6/13/2019,ALRU,ALRU,1,0,1,NP,38,NA,NA,NA,NA,13.71,122.6296959,1.52,21.59,0.00187,0.129,106.2790698,1.59,1.78,111.8,-25.48,2706.583421,28.87675017,0,1,0,1,0,1,0,1
OR,6/10/2019,6/13/2019,ALRU,ALRU,1,0,1,LN,43,NA,NA,NA,NA,16.56,150.8196721,1.97,31.76,0.0035,0.291,56.90721649,1.6,1.76,109.8,-26.5,1031.133335,8.284656682,0,1,0,1,0,1,0,1
OR,6/9/2019,6/13/2019,ALRU,ALRU,1,0,1,MN,46,NA,NA,NA,NA,17.29,183.3510074,2.24,32.42,0.00257,0.212,81.55660377,2.22,2.09,94.3,-26.56,2191.138408,18.95785927,0,1,0,1,0,1,0,1
OR,6/9/2019,6/13/2019,ALRU,ALRU,1,0,1,LN,47,NA,NA,NA,NA,18.02,199.3362832,1.71,17.23,0.00266,0.223,80.80717489,2.49,2.25,90.4,-24.35,1126.656813,12.10961969,0,1,0,1,0,1,0,1
OR,6/14/2019,6/15/2019,PSME,PSME,0,1,1,MN,3,NA,NA,NA,NA,7.95,121.559633,2.72,29.14,0.00123,0.099,80.3030303,1.56,1.02,65.4,-26.58,12187.48099,17.52036535,0,1,0,1,0,1,0,1
OR,6/13/2019,6/14/2019,PSME,PSME,0,1,1,LN,4,NA,NA,NA,NA,14.2,220.8398134,2.18,27.82,0.0019,0.156,91.02564103,1.67,1.07,64.3,-27.35,12167.80808,17.64169838,1,0,0,1,0,1,0,1
OR,6/13/2019,6/14/2019,PSME,PSME,0,1,1,NP,5,NA,NA,NA,NA,9.94,142,2.07,27.51,0.00136,0.109,91.19266055,1.93,1.35,70,-27.14,15120.9968,21.08035434,0,1,0,1,0,1,0,1
OR,6/13/2019,6/14/2019,PSME,PSME,0,1,1,HN,7,NA,NA,NA,NA,13.87,196.4589235,1.89,23.77,0.00194,0.16,86.6875,2.19,1.55,70.6,-26.79,14811.21879,21.02223335,0,1,0,1,0,1,0,1
OR,6/13/2019,6/14/2019,PSME,PSME,0,1,1,MN,8,NA,NA,NA,NA,14.17,240.5772496,1.46,20.78,0.00244,0.208,68.125,2.02,1.19,58.9,-27.86,20379.05056,28.6173311,0,1,0,1,0,1,0,1
OR,6/13/2019,6/14/2019,PSME,PSME,0,1,1,LN,9,NA,NA,NA,NA,11.63,166.1428571,1.27,16.35,0.0022,0.158,73.60759494,1.79,1.25,70,-27.24,10413.30195,15.52994953,1,0,0,1,0,1,0,1
OR,6/11/2019,6/14/2019,PSME,PSME,0,1,1,LN,12,NA,NA,NA,NA,10.45,154.1297935,1.92,27.69,0.00145,0.097,107.7319588,1.72,1.17,67.8,-28.07,17274.79129,24.72416432,1,0,0,1,0,1,0,1
OR,6/15/2019,6/15/2019,PSME,PSME,0,1,1,MN,13,NA,NA,NA,NA,11.72,116.6169154,2.34,30.74,0.00173,0.141,83.12056738,1.74,1.75,100.5,-27.1,9997.650808,14.00292262,0,1,0,1,0,1,0,1
OR,6/15/2019,6/15/2019,PSME,PSME,0,1,1,NP,15,NA,NA,NA,NA,10.93,157.4927954,2.18,29.95,0.00157,0.124,88.14516129,2.23,1.55,69.4,-27.61,10999.39305,15.40747893,0,1,0,1,0,1,0,1
OR,6/14/2019,6/15/2019,PSME,PSME,0,1,1,LN,16,NA,NA,NA,NA,6.62,93.63507779,2.57,28.39,0.00088,0.071,93.23943662,1.57,1.11,70.7,-26.38,11965.78703,17.08638656,1,0,0,1,0,1,0,1
OR,6/14/2019,6/15/2019,PSME,PSME,0,1,1,NP,17,NA,NA,NA,NA,7.64,107.3033708,1.54,16.04,0.00101,0.082,93.17073171,1.71,1.22,71.2,-26.36,9843.998252,13.94088612,0,1,0,1,0,1,0,1
OR,6/14/2019,6/15/2019,PSME,PSME,0,1,1,MN,18,NA,NA,NA,NA,13.7,220.6119163,2.06,28.68,0.00161,0.131,104.5801527,1.82,1.13,62.1,-28.12,7461.338634,10.60656746,0,1,0,1,0,1,0,1
OR,6/14/2019,6/15/2019,PSME,PSME,0,1,1,HN,20,NA,NA,NA,NA,NA,NA,1.78,20.63,NA,NA,NA,1.64,1.4,85.4,-26.96,13218.88819,18.64209401,0,1,0,1,0,1,0,1
OR,6/14/2019,6/15/2019,PSME,PSME,0,1,1,HN,21,NA,NA,NA,NA,8.64,108.8161209,1.94,19.07,0.00086,0.069,125.2173913,1.5,1.19,79.4,-26.55,10062.7842,14.42208336,0,1,0,1,0,1,0,1
OR,6/12/2019,6/14/2019,PSME,PSME,0,1,1,NP,22,NA,NA,NA,NA,10.86,139.2307692,2.15,22.2,0.00163,0.098,110.8163265,1.76,1.37,78,-26.91,16139.84521,23.1878371,0,1,0,1,0,1,0,1
OR,6/11/2019,6/13/2019,PSME,PSME,0,1,1,HN,23,NA,NA,NA,NA,11.08,211.047619,2.1,34.79,0.00145,0.118,93.89830508,3.63,1.91,52.5,-26.26,16151.82226,22.86530294,0,1,0,1,0,1,0,1
OR,6/11/2019,6/13/2019,PSME,PSME,0,1,1,MN,24,NA,NA,NA,NA,11.36,165.1162791,1.89,26.24,0.00158,0.13,87.38461538,2.37,1.63,68.8,-26.82,16587.97981,23.23168592,0,1,0,1,0,1,0,1
OR,6/11/2019,6/13/2019,PSME,PSME,0,1,1,HN,26,NA,NA,NA,NA,7.83,130.7178631,1.58,24.1,0.00083,0.068,115.1470588,2.27,1.36,59.9,-26.11,18331.83723,26.20598306,0,1,0,1,0,1,0,1
OR,6/9/2019,6/13/2019,PSME,PSME,0,1,1,HN,27,NA,NA,NA,NA,8.67,144.2595674,1.78,28.03,0.00109,0.088,98.52272727,1.79,1.07,60.1,-26.95,16808.1103,23.96365959,0,1,0,1,0,1,0,1
OR,6/12/2019,6/14/2019,PSME,PSME,0,1,1,LN,28,NA,NA,NA,NA,9.82,133.2428765,1.51,19.18,0.00161,0.119,82.5210084,1.68,1.24,73.7,-26.9,16469.33434,23.45100829,1,0,0,1,0,1,0,1
OR,6/12/2019,6/14/2019,PSME,PSME,0,1,1,HN,29,NA,NA,NA,NA,11.63,177.2865854,1.84,23.78,0.00174,0.122,95.32786885,1.82,1.19,65.6,-27.26,12488.36445,17.73889974,0,1,0,1,0,1,0,1
OR,6/12/2019,6/14/2019,PSME,PSME,0,1,1,MN,30,NA,NA,NA,NA,9.63,141.202346,2.48,30.86,0.00144,0.083,116.0240964,2.2,1.5,68.2,-26.6,9417.367609,13.35486073,0,1,0,1,0,1,0,1
OR,6/12/2019,6/15/2019,PSME,PSME,0,1,1,HN,31,NA,NA,NA,NA,8.56,129.5007564,1.61,19.58,0.00094,0.075,114.1333333,1.89,1.25,66.1,-26.09,7593.685182,11.21675405,0,1,0,1,0,1,0,1
OR,6/12/2019,6/14/2019,PSME,PSME,0,1,1,NP,32,NA,NA,NA,NA,10.3,113.3113311,2.05,24.88,0.00124,0.101,101.980198,2.14,1.95,90.9,-26.91,16132.49875,23.12948018,0,1,0,1,0,1,0,1
OR,6/9/2019,6/13/2019,PSME,PSME,0,1,1,NP,33,NA,NA,NA,NA,9.74,156.5916399,1.66,26.01,0.00134,0.108,90.18518519,1.79,1.11,62.2,-26.79,10623.02008,14.94054314,0,1,0,1,0,1,0,1
OR,6/10/2019,6/13/2019,PSME,PSME,0,1,1,NP,34,NA,NA,NA,NA,11.51,174.3939394,1.77,30.93,0.00156,0.127,90.62992126,2.51,1.66,66,-26.53,12686.50309,17.97168005,0,1,0,1,0,1,0,1
OR,6/10/2019,6/13/2019,PSME,PSME,0,1,1,LN,36,NA,NA,NA,NA,8.09,114.751773,1.68,22.73,0.00111,0.091,88.9010989,2.04,1.44,70.5,-27.08,11786.66765,16.67473478,1,0,0,1,0,1,0,1
OR,6/10/2019,6/13/2019,PSME,PSME,0,1,1,MN,37,NA,NA,NA,NA,6.7,98.96602659,1.61,26.17,0.00082,0.057,117.5438596,2.25,1.52,67.7,-27.09,9629.416094,13.70845642,0,1,0,1,0,1,0,1
OR,6/10/2019,6/13/2019,PSME,PSME,0,1,1,NP,38,NA,NA,NA,NA,7.89,119.9088146,1.72,30.95,0.001,0.071,111.1267606,3.09,2.03,65.8,-26.55,13133.02585,18.63866882,0,1,0,1,0,1,0,1
OR,6/10/2019,6/13/2019,PSME,PSME,0,1,1,LN,43,NA,NA,NA,NA,5.85,70.48192771,2.21,28.49,0.00089,0.073,80.1369863,1.77,1.47,83,-26.29,17494.54715,24.54790896,1,0,0,1,0,1,0,1
OR,6/9/2019,6/13/2019,PSME,PSME,0,1,1,MN,46,NA,NA,NA,NA,7.83,100.3846154,1.96,23.11,0.00083,0.088,88.97727273,1.48,1.15,78,-27.56,5644.90164,8.296217709,0,1,0,1,0,1,0,1
OR,6/9/2019,6/13/2019,PSME,PSME,0,1,1,LN,47,NA,NA,NA,NA,8.09,119.3215339,1.37,23.42,0.00138,0.111,72.88288288,1.46,0.99,67.8,-27.57,12021.89169,17.02217409,1,0,0,1,0,1,0,1
T,7/9/2017,7/10/2017,BENI,BENI17,0,1,1,HN,1,23.4,26.35639826,29.22334162,30.66125183,18.40967348,216.3298881,0.88,11.12,0.00468,0.255,72.19479796,1.95,1.66,85.1,-28.8,NA,NA,0,1,0,1,0,1,0,0
T,7/9/2017,7/10/2017,BENI,BENI17,0,1,1,NP,5,23.4,26.3605175,28.55156708,29.45971174,16.11628777,264.6352672,2.54,62.81,0.00556,0.391,41.21812729,2.17,1.33,60.9,-30.6,NA,NA,0,1,0,1,0,1,0,0
T,7/9/2017,7/10/2017,BENI,BENI17,0,1,1,NP,7,23.4,26.02466838,27.90323321,28.56645233,11.77116149,140.1328748,1.31,17.06,0.00344,0.237,49.66734804,1.71,1.44,84,-29.7,NA,NA,0,1,0,1,0,1,0,0
T,7/9/2017,7/10/2017,BENI,BENI17,0,1,1,MN,9,23.4,26.04202334,28.44173495,29.51342891,10.3566994,79.60568333,0.67,6.01,0.00285,0.148,69.97769865,1.12,1.46,130.1,-30.6,NA,NA,0,1,0,1,0,1,0,0
T,7/9/2017,7/10/2017,BENI,BENI17,0,1,1,LN,13,23.4,26.03801346,27.85288493,28.46618119,15.61240811,268.7161464,0.95,11.66,0.00564,0.4,39.03102026,1.48,0.86,58.1,-30.3,NA,NA,1,0,1,0,1,0,0,0
T,7/9/2017,7/10/2017,BENI,BENI17,0,1,1,HN,15,23.4,25.90847842,27.60182635,28.11987246,23.53064121,259.4337509,1.65,21.19,0.00416,0.38,61.92274002,2.01,1.82,90.7,-29,NA,NA,0,1,0,1,0,1,0,0
T,7/9/2017,7/10/2017,BENI,BENI17,0,1,1,HN,17,23.4,26.03105164,28.38212204,29.41569102,8.812693628,125.5369463,2.9,27.73,0.00388,0.204,43.19947857,2.1,1.48,70.2,-28,NA,NA,0,1,0,1,0,1,0,0
T,7/8/2017,7/8/2017,BENI,BENI17,0,1,1,LN,19,23.4,26.63035011,28.65808805,29.43822904,15.68836999,224.7617477,1.54,20.27,0.00767,0.552,28.42096013,1.37,0.95,69.8,-31.4,NA,NA,1,0,1,0,1,0,0,0
T,7/9/2017,7/8/2017,BENI,BENI17,0,1,1,NP,23,23.4,25.4630928,26.31425095,26.1721887,22.04510444,267.8627514,1.64,23.88,0.00554,0.617,35.72950476,2.19,1.81,82.3,-30.2,NA,NA,0,1,0,1,0,1,0,0
T,7/8/2017,7/8/2017,BENI,BENI17,0,1,1,MN,25,23.4,26.57991219,29.80581601,31.52507944,10.04860354,93.91218266,2.06,21.05,0.00423,0.203,49.50051007,0.96,1.03,107,-29.7,NA,NA,0,1,0,1,0,1,0,0
T,7/8/2017,7/8/2017,BENI,BENI17,0,1,1,HN,27,23.4,26.39464442,29.74968847,31.57017199,11.50746465,170.9875877,1.41,18.92,0.00298,0.139,82.7875155,2.73,1.84,67.3,-26.9,NA,NA,0,1,0,1,0,1,0,0
T,7/8/2017,7/8/2017,BENI,BENI17,0,1,1,MN,29,23.4,26.8107338,29.70883433,31.17116553,19.52281221,215.008945,1.41,14.3,0.00486,0.298,65.51279264,1.98,1.8,90.8,-28.7,NA,NA,0,1,0,1,0,1,0,0
T,7/8/2017,7/8/2017,BENI,BENI17,0,1,1,NP,31,23.4,26.48198891,30.02147738,31.98652845,18.2373189,210.8360567,1.09,11.42,0.00476,0.224,81.41660225,1.6,1.38,86.5,-29.1,NA,NA,0,1,0,1,0,1,0,0
T,7/8/2017,7/8/2017,BENI,BENI17,0,1,1,LN,33,23.4,26.72229894,28.45601082,29.00569419,16.98730573,197.9872463,1.78,28.75,0.00608,0.59,28.79204362,1.32,1.13,85.8,-31.3,NA,NA,1,0,1,0,1,0,0,0
T,7/8/2017,7/8/2017,BENI,BENI17,0,1,1,NP,35,23.4,26.56181018,29.180439,30.42372026,17.31132201,179.9513722,1.13,10.22,0.00432,0.323,53.59542417,1.21,1.16,96.2,-30.6,NA,NA,0,1,0,1,0,1,0,0
T,7/8/2017,7/8/2017,BENI,BENI17,0,1,1,LN,37,23.4,26.19054731,29.24819628,30.83558155,14.53209955,175.2967377,1.62,18.89,0.00347,0.194,74.90772965,1.71,1.42,82.9,-26.9,NA,NA,1,0,1,0,1,0,0,0
T,7/15/2017,7/15/2017,BENI,BENI17,0,1,1,LN,43,23.4,25.82330259,26.62123998,26.43746331,20.44086417,350.6151659,1.01,14.68,0.00709,0.837,24.42158205,1.91,1.12,58.3,-31.8,NA,NA,1,0,1,0,1,0,0,0
T,7/15/2017,7/15/2017,BENI,BENI17,0,1,1,LN,45,23.4,25.30469068,25.72083728,25.23781298,17.45458348,216.827124,1.25,15.04,0.00616,0.737,23.68328831,1.45,1.17,80.5,-31.9,NA,NA,1,0,1,0,1,0,0,0
S,7/15/2017,7/15/2017,BENI,BENI17,0,1,1,MN,47,23.4,26.10452779,28.10807292,28.86925159,23.39137906,311.8850541,1.7,24.23,0.00622,0.495,47.25531123,2.3,1.73,75,-29.9,NA,NA,0,1,0,1,0,1,0,0
S,7/15/2017,7/15/2017,BENI,BENI17,0,1,1,HN,49,23.4,26.41145706,28.46604729,29.26723511,21.50863838,423.3983932,1.28,17.18,0.00715,0.547,39.32109392,3.02,1.53,50.8,-30.4,NA,NA,0,1,0,1,0,1,0,0
S,7/15/2017,7/15/2017,BENI,BENI17,0,1,1,NP,51,23.4,25.76278814,26.85361926,26.89941269,20.70416084,266.4628165,0.75,11.42,0.00658,0.615,33.66530218,2.17,1.69,77.7,-29.9,NA,NA,0,1,0,1,0,1,0,0
S,7/15/2017,7/15/2017,BENI,BENI17,0,1,1,MN,53,23.4,25.76718839,26.85628128,26.90071229,23.02689474,335.1804184,1.17,12.43,0.00622,0.697,33.03715171,2.35,1.62,68.7,-30.9,NA,NA,0,1,0,1,0,1,0,0
S,7/15/2017,7/15/2017,BENI,BENI17,0,1,1,NP,55,23.4,26.35166359,28.64464696,29.63268733,20.71893492,326.2824397,2.06,26.98,0.00631,0.425,48.75043511,2.75,1.74,63.5,-30,NA,NA,0,1,0,1,0,1,0,0
S,7/15/2017,7/15/2017,BENI,BENI17,0,1,1,NP,57,23.4,26.61803055,28.41969681,29.02264282,10.07782285,147.5523111,1.13,17.68,0.00697,0.404,24.94510605,1.37,0.94,68.3,-30.6,NA,NA,0,1,0,1,0,1,0,0
S,7/15/2017,7/15/2017,BENI,BENI17,0,1,1,HN,59,23.4,25.99371783,27.06741397,27.099777,16.37445418,209.9288998,1.26,15.16,0.00584,0.617,26.53882363,1.64,1.28,78,-29.7,NA,NA,0,1,0,1,0,1,0,0
S,7/15/2017,7/15/2017,BENI,BENI17,0,1,1,LN,61,23.4,26.02572441,28.09486453,28.90745655,11.11087433,262.668424,0.96,24.7,0.00423,0.26,42.73413205,1.77,0.75,42.3,-32.4,NA,NA,1,0,1,0,1,0,0,0
S,7/15/2017,7/15/2017,BENI,BENI17,0,1,1,MN,63,23.4,26.07265472,27.5536321,27.90522217,23.89805444,411.3262383,1.2,18.43,0.00777,0.774,30.87603933,2.58,1.5,58.1,-31.3,NA,NA,0,1,0,1,0,1,0,0
S,7/15/2017,7/15/2017,BENI,BENI17,0,1,1,HN,65,23.4,26.0896759,27.38765717,27.59581488,19.01095294,323.8663192,1.04,20.22,0.0069,0.797,23.85314045,2.21,1.29,58.7,-32.4,NA,NA,0,1,0,1,0,1,0,0
T,7/9/2017,7/10/2017,ROPS,ROPS17,1,0,1,HN,2,23.4,26.0715669,28.2769591,29.19634551,14.02018146,360.4159759,2.26,57.59,0.00383,0.212,66.13293142,3.79,1.47,38.9,-27.9,NA,NA,0,1,0,1,0,1,0,0
T,7/9/2017,7/10/2017,ROPS,ROPS17,1,0,1,NP,4,23.4,26.06725438,28.8145148,30.15861751,15.26948971,363.5592788,1.79,32.39,0.00348,0.174,87.75568799,3.49,1.46,42,-29.5,NA,NA,0,1,0,1,0,1,0,0
T,7/9/2017,7/10/2017,ROPS,ROPS17,1,0,1,LN,6,23.4,26.33855565,29.33922513,30.88194987,11.99062153,219.608453,0.88,19.75,0.00293,0.122,98.28378307,1.94,1.06,54.6,-30.1,NA,NA,0,1,0,1,0,1,0,0
T,7/9/2017,7/10/2017,ROPS,ROPS17,1,0,1,MN,10,23.4,25.91853015,28.41258558,29.55822622,16.39238642,331.1593217,1.11,19.63,0.00321,0.169,96.99636936,2.92,1.44,49.5,-29.8,NA,NA,0,1,0,1,0,1,0,0
T,7/9/2017,7/10/2017,ROPS,ROPS17,1,0,1,MN,12,23.4,26.27000427,28.40285428,29.26538212,16.41806409,337.8202487,1.16,24.18,0.00407,0.233,70.46379437,3.06,1.49,48.6,-29,NA,NA,0,1,0,1,0,1,0,0
T,7/9/2017,7/10/2017,ROPS,ROPS17,1,0,1,LN,14,23.4,25.97224045,28.00392914,28.78716673,16.86475044,336.6217652,1.97,33.8,0.00363,0.229,73.64519841,3.09,1.55,50.1,-27.4,NA,NA,0,1,0,1,0,1,0,0
T,7/9/2017,7/10/2017,ROPS,ROPS17,1,0,1,HN,16,23.4,25.84726588,27.8282814,28.57180137,17.74821321,262.936492,1.24,19.13,0.00289,0.183,96.98477162,3.13,2.11,67.5,-27.5,NA,NA,0,1,0,1,0,1,0,0
T,7/9/2017,7/10/2017,ROPS,ROPS17,1,0,1,HN,18,23.4,26.21899605,28.30111885,29.1238867,17.56734974,330.8352116,1.37,22.69,0.00423,0.247,71.12287343,3.59,1.91,53.1,-28.5,NA,NA,0,1,0,1,0,1,0,0
T,7/9/2017,7/8/2017,ROPS,ROPS17,1,0,1,LN,20,23.4,25.55884552,26.72634761,26.83223574,22.58854509,355.7251196,2.38,51.86,0.00484,0.339,66.63287638,3.3,2.1,63.5,-28.2,NA,NA,0,1,0,1,0,1,0,0
T,7/9/2017,7/8/2017,ROPS,ROPS17,1,0,1,LN,22,23.4,25.63594119,27.86733182,28.8070958,12.48122883,214.0862578,1.17,18.61,0.00209,0.103,121.1769789,3.28,1.91,58.3,-26.9,NA,NA,0,1,0,1,0,1,0,0
T,7/9/2017,7/10/2017,ROPS,ROPS17,1,0,1,NP,24,23.4,25.59506162,27.42955589,28.0582325,18.73813203,282.2007835,2.71,53.7,0.00394,0.232,80.76781046,3.46,2.3,66.4,-28.3,NA,NA,0,1,0,1,0,1,0,0
T,7/8/2017,7/8/2017,ROPS,ROPS17,1,0,1,MN,26,23.4,26.52835083,28.92540232,29.99501128,23.56924893,388.9315006,3.11,80.51,0.00492,0.316,74.5862308,3.41,2.07,60.6,-29.3,NA,NA,0,1,0,1,0,1,0,0
T,7/8/2017,7/8/2017,ROPS,ROPS17,1,0,1,HN,28,23.4,26.91002846,29.66049957,31.00711883,26.92847892,461.1040911,2.91,55.45,0.00774,0.479,56.21811884,2.73,1.6,58.4,-30.6,NA,NA,0,1,0,1,0,1,0,0
T,7/8/2017,7/8/2017,ROPS,ROPS17,1,0,1,MN,30,23.4,26.26416016,28.18955104,28.88947241,13.78405447,244.3981288,1.31,20.91,0.00339,0.21,65.6383546,2.61,1.47,56.4,-29.8,NA,NA,0,1,0,1,0,1,0,0
T,7/8/2017,7/8/2017,ROPS,ROPS17,1,0,1,NP,32,23.4,26.53378677,29.00559044,30.13379015,23.25587522,582.8540154,2.19,54.28,0.00668,0.411,56.58363799,4.32,1.72,39.9,-28.9,NA,NA,0,1,0,1,0,1,0,0
T,7/8/2017,7/8/2017,ROPS,ROPS17,1,0,1,LN,34,23.4,26.37730598,28.41252518,29.19852998,29.66927449,453.6586313,2.61,64.46,0.00686,0.543,54.63954786,3.32,2.17,65.4,-29.2,NA,NA,0,1,0,1,0,1,0,0
T,7/8/2017,7/8/2017,ROPS,ROPS17,1,0,1,LN,38,23.4,26.37335141,28.61410713,29.56121146,20.61674482,381.7915708,1.68,29.07,0.00424,0.251,82.13842559,3.7,2,54,-28.4,NA,NA,0,1,0,1,0,1,0,0
T,7/8/2017,7/8/2017,ROPS,ROPS17,1,0,1,HN,40,23.4,25.41136233,26.61873627,26.75587596,13.31076059,201.6781908,1.74,27.49,0.00117,0.159,83.71547542,2.97,1.96,66,-26.7,NA,NA,0,1,0,1,0,1,0,0
T,7/15/2017,7/15/2017,ROPS,ROPS17,1,0,1,LN,44,23.4,26.22491964,28.96573702,30.30478969,25.20208486,415.8759879,2.33,67.83,0.00607,0.333,75.68193653,3.68,2.23,60.6,-27.9,NA,NA,0,1,0,1,0,1,0,0
T,7/15/2017,7/15/2017,ROPS,ROPS17,1,0,1,LN,46,23.4,25.52093061,26.12413979,25.78773514,31.65134379,523.1627073,1.43,23.41,0.00773,0.796,39.76299472,3.48,2.11,60.5,-29.5,NA,NA,0,1,0,1,0,1,0,0
S,7/15/2017,7/15/2017,ROPS,ROPS17,1,0,1,MN,48,23.4,26.31827164,27.9144694,28.35636921,26.19795669,488.7678487,1.53,56.38,0.0082,0.592,44.25330522,3.59,1.92,53.6,-29.5,NA,NA,0,1,0,1,0,1,0,0
S,7/15/2017,7/15/2017,ROPS,ROPS17,1,0,1,HN,50,23.4,26.64288584,28.38208898,28.9360764,22.7635367,467.4237516,0.97,30.95,0.00648,0.518,43.94505155,3.63,1.77,48.7,-29.8,NA,NA,0,1,0,1,0,1,0,0
S,7/15/2017,7/15/2017,ROPS,ROPS17,1,0,1,NP,52,23.4,25.48038292,25.84820302,25.32730042,28.48833879,518.9132748,1.16,25.87,0.00721,0.696,40.93152124,4.01,2.2,54.9,-29.3,NA,NA,0,1,0,1,0,1,0,0
S,7/15/2017,7/15/2017,ROPS,ROPS17,1,0,1,MN,54,23.4,26.17211215,27.79893621,28.26484091,23.46011789,515.6069866,1.21,25.17,0.00605,0.557,42.11870357,3.37,1.53,45.5,-30.1,NA,NA,0,1,0,1,0,1,0,0
S,7/15/2017,7/15/2017,ROPS,ROPS17,1,0,1,NP,56,23.4,26.15574455,27.52947426,27.7970036,28.0904734,411.8837742,2.29,57.09,0.00683,0.497,56.52006721,3.83,2.61,68.2,-29.9,NA,NA,0,1,0,1,0,1,0,0
S,7/15/2017,7/15/2017,ROPS,ROPS17,1,0,1,NP,58,23.4,25.88138072,27.48076948,27.92517038,23.16605075,477.6505309,2.08,77.83,0.0064,0.426,54.38040081,3.29,1.59,48.5,-32,NA,NA,0,1,0,1,0,1,0,0
S,7/15/2017,7/15/2017,ROPS,ROPS17,1,0,1,LN,62,23.4,26.10011991,27.79837799,28.32027268,22.81620705,315.576861,1.12,19.96,0.00912,0.69,33.06696674,3.12,2.26,72.3,-31.4,NA,NA,0,1,0,1,0,1,0,0
S,7/15/2017,7/15/2017,ROPS,ROPS17,1,0,1,MN,64,23.4,26.05259641,27.31235441,27.49055272,32.08317113,515.8066099,1.35,24.79,0.00735,0.676,47.46031233,3.9,2.43,62.2,-30.4,NA,NA,0,1,0,1,0,1,0,0
S,7/15/2017,7/15/2017,ROPS,ROPS17,1,0,1,HN,66,23.4,26.21006521,27.98310534,28.5636142,28.00079883,451.6257876,1.34,22.42,0.00684,0.513,54.58245386,3.37,2.09,62,-29.6,NA,NA,0,1,0,1,0,1,0,0
T,8/21/2018,8/27/2018,BENI,BENI18,0,1,2,HN,1,NA,NA,NA,NA,19.74,288.1751825,0.81,13.12,0.0052,0.469,42.08955224,2.62,1.8,68.5,-30.09,1307.9,14.34233849,0,1,0,1,0,1,0,1
T,8/21/2018,8/27/2018,BENI,BENI18,0,1,2,NP,5,NA,NA,NA,NA,16.88,286.5874363,0.87,14.55,0.0064,0.589,28.65874363,2.19,1.29,58.9,-31.22,56.9,0.654338129,0,1,0,1,0,1,0,1
T,8/21/2018,8/27/2018,BENI,BENI18,0,1,2,NP,7,NA,NA,NA,NA,23.02,302.0997375,0.53,5.62,0.00655,0.606,37.98679868,2.26,1.72,76.2,-30.89,193.2,2.305996377,0,1,0,1,0,1,0,0
T,8/21/2018,8/27/2018,BENI,BENI18,0,1,2,LN,13,NA,NA,NA,NA,28.08,545.2427184,0.93,21.42,0.00932,0.873,32.16494845,2.37,1.22,51.5,-29.77,6,0.118431061,1,0,1,0,1,0,0,1
T,8/21/2018,8/27/2018,BENI,BENI18,0,1,2,HN,15,NA,NA,NA,NA,21.36,333.75,1.07,15.73,0.00659,0.606,35.24752475,2.17,1.39,64,-30.41,1229.7,9.839565438,0,1,0,1,0,1,0,0
T,8/21/2018,8/27/2018,BENI,BENI18,0,1,2,HN,17,NA,NA,NA,NA,20.19,350.5208333,0.55,12.51,0.00821,0.758,26.63588391,3.58,2.06,57.6,-30.34,103.3,1.25636901,0,1,0,1,0,1,0,0
T,8/20/2018,8/27/2018,BENI,BENI18,0,1,2,LN,19,NA,NA,NA,NA,10.61,112.2751323,0.76,8.24,0.00554,0.5,21.22,0.96,0.91,94.5,-30.6,8.5,0.160842322,1,0,1,0,1,0,1,1
T,8/21/2018,8/27/2018,BENI,BENI18,0,1,2,NP,23,NA,NA,NA,NA,25.07,419.9329983,1.08,14.68,0.00781,0.741,33.83265857,2.95,1.76,59.7,-28.91,1251.8,10.48046731,0,1,0,1,0,1,0,1
T,8/20/2018,8/27/2018,BENI,BENI18,0,1,2,MN,25,NA,NA,NA,NA,6.08,73.07692308,0.84,8.78,0.0025,0.214,28.41121495,1.6,1.33,83.2,-29.71,337.1,1.944448336,0,1,0,1,0,1,1,0
T,8/20/2018,8/27/2018,BENI,BENI18,0,1,2,HN,27,NA,NA,NA,NA,12.58,110.7394366,0.67,6.4,0.00388,0.338,37.21893491,1.65,1.87,113.6,-27.63,67.3,1.261027257,0,1,0,1,0,1,1,0
T,8/20/2018,8/27/2018,BENI,BENI18,0,1,2,MN,29,NA,NA,NA,NA,15.41,209.375,0.82,11.35,0.00613,0.55,28.01818182,2.38,1.75,73.6,-29.89,1037.5,6.330479235,0,1,0,1,0,1,0,1
T,8/20/2018,8/27/2018,BENI,BENI18,0,1,2,NP,31,NA,NA,NA,NA,17.22,240.5027933,0.8,9.85,0.00722,0.68,25.32352941,1.95,1.39,71.6,-30.61,15.7,0.515497692,0,1,0,1,0,1,0,0
T,8/20/2018,8/27/2018,BENI,BENI18,0,1,2,LN,33,NA,NA,NA,NA,10,102.0408163,0.45,5.19,0.00364,0.318,31.44654088,1.05,1.03,98,-30.73,252.2,3.876849286,1,0,1,0,1,0,1,0
T,8/20/2018,8/27/2018,BENI,BENI18,0,1,2,NP,35,NA,NA,NA,NA,17.41,272.8840125,0.52,4.65,0.00622,0.571,30.49036778,2.53,1.61,63.8,-31.21,300.3,1.220050137,0,1,0,1,0,1,1,0
T,8/20/2018,8/27/2018,BENI,BENI18,0,1,2,LN,37,NA,NA,NA,NA,16.01,248.2170543,1.19,16.33,0.00509,0.462,34.65367965,1.88,1.21,64.5,-30.5,205.8,3.574950608,1,0,1,0,1,0,0,0
T,8/24/2018,8/28/2018,BENI,BENI18,0,1,2,LN,43,NA,NA,NA,NA,19.25,320.2995008,0.67,11.48,0.00795,0.763,25.2293578,2.09,1.26,60.1,-30.7587,2.5,0.049936883,1,0,1,0,1,0,0,1
T,8/23/2018,8/28/2018,BENI,BENI18,0,1,2,LN,45,NA,NA,NA,NA,15.18,175.0865052,0.54,10.02,0.00578,0.524,28.96946565,1.53,1.33,86.7,-32.51,0.8,0.029274874,1,0,1,0,1,0,0,0
S,8/24/2018,8/28/2018,BENI,BENI18,0,1,2,MN,47,NA,NA,NA,NA,19.36,315.8238173,0.71,10.64,0.00701,0.657,29.46727549,2.82,1.73,61.3,-30.36,216.9,3.554969812,0,1,0,1,0,1,0,0
S,8/24/2018,8/28/2018,BENI,BENI18,0,1,2,HN,49,NA,NA,NA,NA,24.28,443.8756856,0.73,14.55,0.00874,0.855,28.39766082,3.07,1.68,54.7,-31.15,311.4,1.752718317,0,1,0,1,0,1,0,0
S,8/23/2018,8/28/2018,BENI,BENI18,0,1,2,NP,51,NA,NA,NA,NA,23.81,342.0977011,0.82,14.04,0.00728,0.682,34.91202346,2.66,1.85,69.6,-30.07,510.8,9.691466506,0,1,0,1,0,1,0,1
S,9/7/2018,8/28/2018,BENI,BENI18,0,1,2,MN,53,NA,NA,NA,NA,9.84,118.4115523,0.52,5.52,0.004,0.351,28.03418803,1.77,1.47,83.1,-30.72,53.7,0.657271092,0,1,0,1,0,1,1,0
S,8/24/2018,8/28/2018,BENI,BENI18,0,1,2,NP,55,NA,NA,NA,NA,17.01,265.78125,0.73,8.64,0.00613,0.561,30.32085561,2.58,1.65,64,-31.41,83.9,0.585209967,0,1,0,1,0,1,0,0
S,8/24/2018,8/28/2018,BENI,BENI18,0,1,2,NP,57,NA,NA,NA,NA,19.1,266.0167131,1.1,14.81,0.00875,0.847,22.5501771,2.18,1.56,71.8,-31.56957,8.8,0.069500939,0,1,0,1,0,1,0,0
S,8/23/2018,8/28/2018,BENI,BENI18,0,1,2,HN,59,NA,NA,NA,NA,4.08,55.73770492,0.55,7.14,0.00108,0.089,45.84269663,1.79,1.31,73.2,-31.25,6.8,0.176639097,0,1,0,1,0,1,1,0
S,8/23/2018,8/28/2018,BENI,BENI18,0,1,2,LN,61,NA,NA,NA,NA,6.28,114.1818182,0.42,8.74,0.00264,0.223,28.16143498,1.34,0.74,55,-32.7,0.2,0.007307542,1,0,1,0,1,0,1,0
S,9/7/2018,8/28/2018,BENI,BENI18,0,1,2,MN,63,NA,NA,NA,NA,14.81,251.8707483,0.7,10.58,0.00698,0.649,22.81972265,2.11,1.24,58.8,-32.44,12.5,0.207478259,0,1,0,1,0,1,1,0
S,8/23/2018,8/28/2018,BENI,BENI18,0,1,2,HN,65,NA,NA,NA,NA,14.31,227.5039746,0.78,14.71,0.00557,0.505,28.33663366,1.99,1.25,62.9,-32.55,175.3,1.795475195,0,1,0,1,0,1,1,1
T,8/21/2018,8/27/2018,ROPS,ROPS18,1,0,2,HN,2,NA,NA,NA,NA,21.18,465.4945055,0.6,20.35,0.00467,0.407,52.03931204,3.71,1.69,45.5,-29.4,1057.7,6.638601505,0,1,0,1,0,1,0,1
T,8/21/2018,8/27/2018,ROPS,ROPS18,1,0,2,NP,4,NA,NA,NA,NA,22.31,452.535497,0.83,16.89,0.00628,0.574,38.86759582,2.86,1.41,49.3,-30.37,51.9,0.631291963,0,1,0,1,0,1,0,0
T,8/21/2018,8/27/2018,ROPS,ROPS18,1,0,2,MN,10,NA,NA,NA,NA,11.69,163.7254902,0.99,18.8,0.00225,0.191,61.20418848,2.73,1.95,71.4,-29.28,719.2,5.007140186,0,1,0,1,0,1,1,0
T,8/21/2018,8/27/2018,ROPS,ROPS18,1,0,2,MN,12,NA,NA,NA,NA,20.75,273.7467018,0.83,12.44,0.00562,0.499,41.58316633,2.8,2.12,75.8,-29.22,3680.3,29.07929844,0,1,0,1,0,1,0,1
T,8/21/2018,8/27/2018,ROPS,ROPS18,1,0,2,LN,14,NA,NA,NA,NA,18.54,282.1917808,0.64,10.02,0.00465,0.411,45.10948905,2.94,1.93,65.7,-29.57,2339.8,21.70321749,0,1,0,1,0,1,0,1
T,8/21/2018,8/27/2018,ROPS,ROPS18,1,0,2,HN,16,NA,NA,NA,NA,15.36,392.8388747,1.69,41.27,0.0024,0.203,75.66502463,3.78,1.48,39.1,-30.45,3157.2,21.31846258,0,1,0,1,0,1,0,0
T,8/21/2018,8/27/2018,ROPS,ROPS18,1,0,2,HN,18,NA,NA,NA,NA,19.91,379.2380952,0.83,13.33,0.00551,0.493,40.38539554,3.34,1.75,52.5,-29.29,5868.4,45.34833663,0,1,0,1,0,1,0,1
T,8/20/2018,8/27/2018,ROPS,ROPS18,1,0,2,LN,20,NA,NA,NA,NA,7.26,118.4339315,0.66,10.22,0.00197,0.166,43.73493976,1.91,1.17,61.3,-28.7,795.5,7.08156778,0,1,0,1,0,1,1,1
T,8/21/2018,8/27/2018,ROPS,ROPS18,1,0,2,LN,22,NA,NA,NA,NA,10.13,186.5561694,0.45,7.28,0.00165,0.136,74.48529412,2.3,1.25,54.3,-28.13,474.9,2.250180496,0,1,0,1,0,1,0,0
T,8/21/2018,8/27/2018,ROPS,ROPS18,1,0,2,NP,24,NA,NA,NA,NA,13.62,229.6795953,0.8,20.8,0.00202,0.171,79.64912281,3.5,2.07,59.3,-26.87,NA,NA,0,1,0,1,0,1,1,0
T,8/20/2018,8/27/2018,ROPS,ROPS18,1,0,2,MN,26,NA,NA,NA,NA,4.01,110.4683196,NA,NA,0.00072,0.06,66.83333333,3.81,1.39,36.3,-29.51,118.7,0.48588799,0,1,0,1,0,1,1,0
T,8/20/2018,8/27/2018,ROPS,ROPS18,1,0,2,HN,28,NA,NA,NA,NA,14.19,282.6693227,0.64,11.48,0.00335,0.287,49.44250871,2.69,1.35,50.2,-29.55,815.5,5.049134965,0,1,0,1,0,1,1,0
T,8/20/2018,8/27/2018,ROPS,ROPS18,1,0,2,MN,30,NA,NA,NA,NA,15.7,216.8508287,1.43,25,0.00314,0.273,57.50915751,2.39,1.73,72.4,-29.78,1605.2,10.00981761,0,1,0,1,0,1,0,0
T,8/20/2018,8/27/2018,ROPS,ROPS18,1,0,2,NP,32,NA,NA,NA,NA,12.21,227.7985075,0.48,11.67,0.0017,0.144,84.79166667,2.57,1.38,53.6,-30.03,1852.9,17.55944025,0,1,0,1,0,1,1,0
T,8/20/2018,8/27/2018,ROPS,ROPS18,1,0,2,LN,34,NA,NA,NA,NA,7.19,103.4532374,1.15,19.17,0.00107,0.088,81.70454545,2.57,1.79,69.5,-28.2,1396.3,12.09043867,0,1,0,1,0,1,1,0
T,8/20/2018,8/27/2018,ROPS,ROPS18,1,0,2,LN,38,NA,NA,NA,NA,11.59,155.9892328,0.78,14.25,0.00284,0.243,47.69547325,1.93,1.43,74.3,-29.29,1614.8,10.44429339,0,1,0,1,0,1,0,0
T,8/24/2018,8/28/2018,ROPS,ROPS18,1,0,2,LN,44,NA,NA,NA,NA,19.71,644.1176471,1.02,16.7,0.00466,0.41,48.07317073,3.65,1.12,30.6,-29.96,80.3,0.082074189,0,1,0,1,0,1,0,0
T,8/23/2018,8/28/2018,ROPS,ROPS18,1,0,2,LN,46,NA,NA,NA,NA,21.86,419.5777351,1.08,18.33,0.00383,0.333,65.64564565,4.9,2.55,52.1,-29.79,37.4,0.053022142,0,1,0,1,0,1,0,0
S,8/24/2018,8/28/2018,ROPS,ROPS18,1,0,2,MN,48,NA,NA,NA,NA,21.95,402.7522936,1.19,23.29,0.00488,0.394,55.7106599,3.95,2.15,54.5,-28.78,1576.3,14.98681143,0,1,0,1,0,1,0,0
S,8/24/2018,8/28/2018,ROPS,ROPS18,1,0,2,HN,50,NA,NA,NA,NA,19.03,294.1267388,0.98,15.14,0.00467,0.419,45.4176611,3.38,2.19,64.7,-29,2210.1,17.10938434,0,1,0,1,0,1,0,1
S,8/23/2018,8/28/2018,ROPS,ROPS18,1,0,2,NP,52,NA,NA,NA,NA,20.88,488.9929742,0.81,21.67,0.00394,0.34,61.41176471,4.4,1.88,42.7,-30.54,1742.5,19.47128593,0,1,0,1,0,1,0,1
S,8/23/2018,8/28/2018,ROPS,ROPS18,1,0,2,MN,54,NA,NA,NA,NA,23.25,394.7368421,0.9,23.82,0.00471,0.414,56.15942029,4.28,2.52,58.9,-30.05,1784.6,18.37058616,0,1,0,1,0,1,0,1
S,8/24/2018,8/28/2018,ROPS,ROPS18,1,0,2,NP,56,NA,NA,NA,NA,22.4,500,0.86,19.46,0.00527,0.474,47.25738397,4.48,2.01,44.8,-30.68,1191.2,12.41424423,0,1,0,1,0,1,0,1
S,8/24/2018,8/28/2018,ROPS,ROPS18,1,0,2,NP,58,NA,NA,NA,NA,15.12,307.3170732,0.79,17.43,0.00198,0.209,72.34449761,3.13,1.54,49.2,-30.66,723,NA,0,1,0,1,0,1,1,0
S,8/23/2018,8/28/2018,ROPS,ROPS18,1,0,2,MN,64,NA,NA,NA,NA,19.31,293.9117199,0.7,11.57,0.00376,0.329,58.69300912,3.24,2.13,65.7,-28.67,243.1,1.868609574,0,1,0,1,0,1,1,0
S,8/23/2018,8/28/2018,ROPS,ROPS18,1,0,2,HN,66,NA,NA,NA,NA,16.42,292.1708185,1.19,28.35,0.00298,0.251,65.41832669,3.14,1.76,56.2,-30.21,41.1,0.216286743,0,1,0,1,0,1,1,0
